"msg_declaration_ecran_warning";"A d\u00e9finir"
"msg_compte_index_intro";"Pour cr\u00e9er votre compte, merci d'indiquer votre num\u00e9ro CVI et votre code de cr\u00e9ation  (ceux que le CIVA vous a communiqu\u00e9s par courrier )"
"msg_tiers_index_intro";"Votre compte semble reli\u00e9 \u00e0 plusieurs entit\u00e9s ayant des roles identiques. Afin d'\u00e9viter toute confusion, veuillez s\u00e9lectionner celui que vous souhaitez utiliser lors de cette session."
"telecharger_pdf_mon_espace";"Cette notice est au format PDF. Pour la visualiser, veuillez utiliser un <a href=\"http;//pdfreaders.org/\" >lecteur PDF</a>."
"telecharger_pdf";"Le fichier g\u00e9n\u00e9r\u00e9 est au format PDF. Pour le visualiser, veuillez utiliser un <a href=\"http;//pdfreaders.org/\" >lecteur PDF</a>."
"err_exploitation_acheteurs_popup_no_required";"Veuillez cocher au moins une case pour continuer !"
"err_exploitation_lieudits_popup_no_required";"Veuillez s\u00e9l\u00e9ctionner au moins un lieu-dit !"
"err_dr_popup_no_lieu";"Vous n'avez pas saisi de Lieu."
"err_dr_popup_no_superficie";"Vous n'avez pas saisi de superficie. La surface est obligatoire sauf dans l'Edel"
"err_dr_popup_min_quantite";"Les reb\u00eaches doivent repr\u00e9senter au minimum 2 % du volume total produit"
"err_dr_popup_max_quantite";"Les reb\u00eaches doivent repr\u00e9senter au maximum 10% du volume total produit"
"err_dr_popup_dest_rebeches";"Vous n'avez pas respect\u00e9 la r\u00e9partition des reb\u00eaches."
"err_dr_popup_unique_lieu_denomination_vtsgn";"Il faut distinguer la colonne par une mention compl\u00e9mentaire ou par une mention VT/SGN."
"err_dr_recap_vente_popup_superficie_trop_eleve";" La somme des superficies des acheteurs ne peut pas \u00eatre superieure au total de l'appellation"
"err_dr_recap_vente_popup_dplc_trop_eleve";"La somme des DPLC des acheteurs ne peut pas \u00eatre superieure au DPLC total de l'appellation"
"err_log_lieu_non_saisie";"Lieu non saisi"
"err_log_cepage_non_saisie";"C\u00e9page non saisi"
"err_log_detail_non_saisie";"Details non saisis"
"err_log_ED_non_saisie";"Vous nous avez indiqu\u00e9 comme motif de non r\u00e9colte \"assemblage Edel\" mais vous n'avez pas saisi d'Edel"
"err_log_cremant_pas_rebeches";"Vous avez oubli\u00e9 de saisir les reb\u00eaches"
"err_log_cremant_min_quantite";"Les reb\u00eaches doivent repr\u00e9senter au minimum 2% du volume total produit"
"err_log_cremant_max_quantite";"Les reb\u00eaches doivent repr\u00e9senter au maximum 10% des volumes produits"
"err_log_superficie_zero";"Vous n'avez pas renseign\u00e9 de detail pour cette appellation"
"err_log_dplc";"Vous d\u00e9passez le rendement butoir de ce c\u00e9page. Vous pouvez le replier en Edel. Si vous livrez votre raisin, ce repli ne peut se faire qu'en accord avec votre acheteur."
"err_log_recap_vente_non_saisie";"Vous n'avez pas compl\u00e9t\u00e9 la superficie dans le r\u00e9capitulatif des ventes"
"err_log_recap_vente_non_saisie_dplc";"Vous n'avez pas compl\u00e9t\u00e9 de dplc dans le r\u00e9capitulatif des ventes"
"err_log_recap_vente_invalide";"La surface et/ou le dplc du r\u00e9capitulatif des ventes est sup\u00e9rieur au total de l'appellation"
"help_popup_exploitation_administratif";"Identification de l'exploitation ; les renseignements affich\u00e9s correspondent aux donn\u00e9es que nous connaissons vous concernant. Vous pouvez proc\u00e9der \u00e0 des modifications, mais elles ne seront d\u00e9finitivement prises en compte, qu'apr\u00e8s validation par le Bureau de la Viticulture des Douanes de Colmar "
"help_popup_exploitation_administratif_exploitation";"Nom d\u00e9clar\u00e9 aupr\u00e8s de l'Administration des Douanes (nom de l'exploitant ou nom d\u00e9clar\u00e9 de la Soci\u00e9t\u00e9)"
"help_popup_exploitation_administratif_gestionnaire";"Nom de la personne d\u00e9sign\u00e9e pour \u00eatre l'interlocutrice de l'Administration"
"help_popup_exploitation_administratif_siret";"N\u00b0 SIRET obligatoire pour les SA, SARL, SCA, GAEC, EARL\u2026"
"help_popup_mon_espace_civa";"Vous \u00eates ici sur votre espace personnel totalement s\u00e9curis\u00e9 . Vous pouvez y souscrire votre d\u00e9claration de r\u00e9colte en toute s\u00e9curit\u00e9 et en toute confidentialit\u00e9 et consulter celles des ann\u00e9es pr\u00e9c\u00e9dentes.<br />  Si vous disposez d'un n\u00b0 d'accises  vous pouvez \u00e9galement acc\u00e9der \u00e0 l'espace AlsaceGamm@ pour faire vos DAE et DSA. <br /> Vous disposez d'une plateforme TEST pour vous entra\u00eener.<br /> Si vous rencontrez des difficult\u00e9s lors de l'\u00e9tablissement de vos DAE/DSA vous pouvez appeler la HOTLINE 03 80 24 41 95 (il s'agit d'une hotline enti\u00e8rement prise en charge par le CIVA (il ne vous en co\u00fbtera que le prix de la communication) Il vous suffit de vous pr\u00e9senter comme op\u00e9rateur alsacien et de donner votre n\u00b0 d'accises. "
"help_popup_mon_espace_civa_ma_dr";"Vous pouvez saisir votre d\u00e9claration de r\u00e9colte ; <br /> 1) soit \u00e0 partir d' une d\u00e9claration totalement vierge <br />     2) soit \u00e0 partir de la d\u00e9claration d'une ann\u00e9e pr\u00e9c\u00e9dente pr\u00e9remplie des surfaces (cette  option n'effacera en aucun cas les donn\u00e9es de l'ann\u00e9e s\u00e9lectionn\u00e9e qui seront toujours conserv\u00e9es) <br />     3) soit \u00e0 partir des donn\u00e9es pr\u00e9remplies par votre (vos) cave(s) coop\u00e9rative(s) ou acheteurs de raisins. <br />  Une fois que vous avez commencez \u00e0 saisir, vous  pouvez \u00e0 tout moment supprimer la d\u00e9claration en cours, et recommencer."
"help_popup_mon_espace_civa_visualiser";"Vous pouvez ici uniquement visualiser vos d\u00e9clarations des ann\u00e9es pr\u00e9c\u00e9dentes. Lorsque vous s\u00e9lectionnerez une ann\u00e9e, le logiciel g\u00e9n\u00e9rera un fichier au format pdf que vous pourrez consulter \u00e0 l'\u00e9cran ou imprimer."
"help_popup_mon_espace_civa_gamma";"Vous pouvez ici acc\u00e9der \u00e0 l'espace \"AlsaceGamm@\", soit en temps r\u00e9el (si vous avez d\u00e9j\u00e0 adh\u00e9r\u00e9 \u00e0 Gamm@) soit  en environnement  TEST pour vous familiariser avec l'application\"<br/> Attention lorsque vous \u00eates dans l'environnement TEST, vous ne pouvez pas \u00e9mettre des DAE en temps r\u00e9el.\" Si vous rencontrez des difficult\u00e9s lors de l'\u00e9tablissement de vos DAE/DSA vous pouvez appeler la HOTLINE 03 80 24 41 95 (il s'agit d'une hotline enti\u00e8rement prise en charge par le CIVA (il ne vous en co\u00fbtera que le prix de la communication) Il vous suffit de vous pr\u00e9senter comme op\u00e9rateur alsacien et de donner votre n\u00b0 d'accises. Pour tout autre  renseignement concernant cet espace vous pouvez appeler au CIVA 03 89 20 16 20 demander Dominique WOLFF ou B\u00e9atrice FISCHER"
"help_popup_exploitation_acheteur";"Vous renseignez ici la r\u00e9partition de votre r\u00e9colte par appellation. Vous identifiez \u00e9galement ici vos acheteurs de raisins et/ou les caves coop\u00e9ratives aupr\u00e8s desquelles vous \u00eates adh\u00e9rent. <br />  Les renseignements de cet \u00e9cran sont tr\u00e8s importants. En effet, les \u00e9crans suivants seront g\u00e9n\u00e9r\u00e9s en fonction de ce que vous cocherez ici. Cependant en cas d'oubli \u00e0 ce stade, vous pourrez toujours rajouter un acheteur ou une appellation dans les \u00e9tapes suivantes.  Utilisez les boutons d'aide  (?)  \u00e0 c\u00f4t\u00e9 de chaque rubrique pour vous faciliter la saisie<br/>. Attention les \"Alsace lieux-dits\" et \"Alsace communales\" revendiqu\u00e9es doivent \u00eatre conformes aux cahiers des charges de l'AOC Alsace. Si vous ne souhaitez pas les revendiquer en respectant les conditions de production pr\u00e9cis\u00e9es dans le cahier des charges, vous d\u00e9clarez les surfaces et les volumes correspondants dans l'AOC Alsace, mais dans ce cas vous ne pr\u00e9cisez pas le nom du lieu-dit ou de la communale dans la rubrique \"d\u00e9nomination compl\u00e9mentaire\"."
"help_popup_exploitation_acheteur_vol_sur_place";"Vous cochez ici les appellations pour le volume de r\u00e9colte que vous avez gard\u00e9 sur place (chez vous). Vous pouvez facilement cocher ou d\u00e9cocher les cases."
"help_popup_exploitation_acheteur_acheteurs_raisin";"Vous s\u00e9lectionnez ici vos acheteurs et vous renseignez les appellations pour chacun d'eux.  Pour s\u00e9lectionner un acheteur de raisins, cliquez sur le bouton vert \u00e0 droite \"AJOUTER UN ACHETEUR\". Puis \u00e0 gauche dans la zone de saisie, vous tapez  les premi\u00e8res lettres du nom de l'acheteur, ou du village ou le n\u00b0 CVI. Une liste d\u00e9roulante apparaitra. Vous pourrez s\u00e9lectionner l'acheteur concern\u00e9 et cocher les appellations qui correspondent \u00e0 votre livraison. Puis cliquez sur le bouton vert \"VALIDEZ\". <br />  La Cave BESTHEIM \u00e0 Bennwihr a un statut de N\u00e9gociant. Elle fait partie de la liste des \"acheteurs de raisins\" (elle ne figure pas dans la liste des \"Caves Coop\u00e9ratives\"). <br /> En cours de saisie, si vous vous \u00eates tromp\u00e9 vous pouvez \u00e0 tout moment annuler (bouton rouge ANNULER) . Si votre acheteur n'est pas pr\u00e9sent dans la liste vous pouvez nous appeler au 03 89 20 16 20 demander Dominique WOLFF ou B\u00e9atrice FISCHER."
"help_popup_exploitation_acheteur_caves_cooperatives";"Vous s\u00e9lectionnez ici la ou les caves coop\u00e9ratives aupr\u00e8s desquelles vous \u00eates adh\u00e9rent et vous renseignez les appellations pour chacune d'elle. Pour s\u00e9lectionner une Cave, cliquez sur le bouton vert \u00e0 droite \"AJOUTER UNE CAVE\". Puis \u00e0 gauche dans la zone de saisie, vous tapez  les premi\u00e8res lettres du nom de cave ou la commune ou le n\u00b0 CVI. Une liste d\u00e9roulante apparaitra. Vous pourrez s\u00e9lectionner la Cave Coop\u00e9rative concern\u00e9e et cocher les appellations qui correspondent \u00e0 votre livraison. Puis cliquez sur le bouton vert \"VALIDEZ\". <br />  La Cave BESTHEIM \u00e0 Bennwihr a un statut de N\u00e9gociant. Vous ne la trouverez pas dans la liste des Caves Coop\u00e9ratives. Elle fait partie de la liste des \"acheteurs de raisins\". <br /> En cours de saisie, si vous vous \u00eates tromp\u00e9 vous pouvez \u00e0 tout moment annuler (bouton rouge ANNULER) . Une fois que vous avez valid\u00e9 la cave si vous voulez la supprimer, cliquez sur la croix rouge."
"help_popup_exploitation_acheteur_acheteurs_mouts";"Si vous avez vendu des m\u00f4uts destin\u00e9s \u00e0 l'\u00e9laboration de Cr\u00e9mant d' Alsace vous renseignez cette zone. Vous s\u00e9lectionnez l'acheteur (n\u00e9gociant ou cave coop\u00e9rative). Pour s\u00e9lectionner un acheteur, cliquez sur le bouton vert \u00e0 droite \"AJOUTER UN ACHETEUR\". Puis \u00e0 gauche dans la zone de saisie, vous tapez  les premi\u00e8res lettres du nom ou la commune ou le n\u00b0 CVI. Une liste d\u00e9roulante apparaitra. Vous pourrez s\u00e9lectionner le n\u00e9gociant ou la Cave Coop\u00e9rative. Ici vous n'avez pas besoin de cocher l'appellation (l'appellation Cr\u00e9mant sera coch\u00e9e par d\u00e9faut).  Puis cliquez sur le bouton vert \"VALIDEZ\". En cours de saisie, si vous vous \u00eates tromp\u00e9 vous pouvez \u00e0 tout moment annuler (bouton rouge ANNULER ) ou supprimer (croix rouge) .Attention si vous vendez des mo\u00fbts de Cr\u00e9mant d'ALSACE, la reb\u00eache restera chez vous. "
"help_popup_exploitation_lieu";"Si dans l'\u00e9cran pr\u00e9c\u00e9dent vous avez coch\u00e9 \"AOC Grand Cru\" ou \"AOC Alsace communale\" vous devez ici s\u00e9lectionner les \"lieux-dits Grand Cru\" et/ou les \"communales\" concern\u00e9s. "
"help_popup_DR";"Vous saisissez maintenant ici les surfaces et les volumes par c\u00e9page et par destination, dans les diff\u00e9rentes appellations que vous avez s\u00e9lectionn\u00e9es dans l'\u00e9cran pr\u00e9c\u00e9dent . En cas d'oubli vous pouvez \u00e0 tout moment rajouter une appellation (cliquez sur + ajoutez une appellation) . Vous pouvez \u00e9galement rajouter un acheteur ou une cave coop\u00e9rative. Utilisez pour cela les options (+ Acheteur) et (+ Cave)."
"help_popup_DR_denomination";"D\u00e9nomination compl\u00e9mentaire. Vous pouvez saisir ici une d\u00e9nomination compl\u00e9mentaire autre  que les \"communales\" ou \"lieux-dits g\u00e9ographiques\". Indiquer \u00e9galement dans cette rubrique les \"replis\" et les \"vins sous charte\" par ex. Edel Gentil s'il fait l'objet d'un assemblage avant vinification."
"help_popup_DR_mention";"A renseigner si vous avez r\u00e9colt\u00e9 des Vendanges Tardives ou des S\u00e9lections de Grains Nobles . S\u00e9lectionner \"VT\" pour vendanges Tardives ou \"SGN\" pour S\u00e9lections de Grains Nobles. Attention toutes les parcelles en production doivent obligatoirement \u00eatre r\u00e9colt\u00e9es \u00e0 la date de souscription de la d\u00e9claration de r\u00e9colte. Seules les Vendanges Tardives et S\u00e9lections de Grains Nobles ayant fait l'objet d'une d\u00e9claration pr\u00e9alable pourront d\u00e9roger \u00e0 cette obligation. SI c'est le cas vous devez indiquer la surface correspondante avec un volume estimatif (saisir \"estimation\" dans la rubrique \"d\u00e9nomination compl\u00e9mentaire\". Une d\u00e9claration de r\u00e9colte rectificative devra ensuite \u00eatre effectu\u00e9e aupr\u00e8s du Bureau de la Viticulture des Douanes de Colmar qui transmettront automatiquement une copie au CIVA. Pour cela il vous faut imprimer votre d\u00e9claration sous format pdf auquel vous pouvez acc\u00e9der en utilisant le bouton \"pr\u00e9visualiser\".Il est important \u00e9galement que vous rectifiiez votre DRM en cons\u00e9quence. "
"help_popup_DR_superficie";"La surface est obligatoire. A  saisir avec 2 d\u00e9cimales (ares,ca). Les surfaces d\u00e9clar\u00e9es doivent obligatoirement correspondre au relev\u00e9 parcellaire enregistr\u00e9 dans votre casier viticole (fiche de compte du CVI).Cas particulier l'Edelzwicker ;  vous laissez  la surface dans le c\u00e9page d'origine sauf pour les parcelles complant\u00e9es en c\u00e9pages en m\u00e9lange. <br /> Si vous d\u00e9clarez de l'edel \"repli butoir\" vous n'indiquez pas de surface (vous laisser les surfaces dans les c\u00e9pages d'origine). En revanche pour l'Edel \"repli pinot noir\"  la surface est obligatoire. <br />  Il est possible de d\u00e9clarer des surfaces sans volume. Mais lorsque vous validerez la colonne, le logiciel vous demandera de s\u00e9lectionner un motif de \"non volume\" ;  assemblage Edel, probl\u00e8mes climatiques, maladie de la vigne, vendanges vertes, d\u00e9claration en cours, motifs personnels."
"help_popup_DR_vente_raisins";"Vous indiquez ici pour chacun des acheteurs que vous aviez s\u00e9lectionn\u00e9s lors de l'\u00e9tape pr\u00e9c\u00e9dente, le volume correspondant aux quantit\u00e9s de raisins livr\u00e9s. A saisir avec 2 d\u00e9cimales (hectolitres/litres). Si votre acheteur vous communique les quantit\u00e9s en kilos, vous avez l'obligation de les convertir en hl/l  selon les coefficients forfaitaires suivants ; AOC Alsace et Alsace Grand Cru (130 kgs = 1 Hl). AOC Cr\u00e9mant d'Alsace (150 kgs = 1 Hl). <br />  Si vous avez oubli\u00e9 de s\u00e9lectionner un acheteur lors de l'\u00e9tape pr\u00e9c\u00e9dente, vous pouvez le rajouter ici en cliquant sur  l'option \" + acheteur\". Saisir les premiers caract\u00e8res du nom de l'acheteur, ou du village, ou son n\u00b0 CVI d'acheteur si vous le connaissez. Un menu d\u00e9roulant apparait dans lequel vous pouvez s\u00e9lectionner l'acheteur."
"help_popup_DR_caves";"Vous indiquez ici pour chacune des caves que vous aviez s\u00e9lectionn\u00e9es lors de l'\u00e9tape pr\u00e9c\u00e9dente, le volume qui vous a \u00e9t\u00e9 communiqu\u00e9 par la Cave Coop\u00e9rative. A saisir avec 2 d\u00e9cimales (hectolitres/litres). Ces volumes s'entendent apr\u00e8s enrichissement. <br /> Si vous avez oubli\u00e9 de s\u00e9lectionner une Cave coop\u00e9rative lors de l'\u00e9tape pr\u00e9c\u00e9dente, vous pouvez la rajouter ici en cliquant sur l'option \" + Cave\". Saisir les premiers caract\u00e8res du nom de la Cave, ou du village, ou son n\u00b0 CVI si vous le connaissez. Un menu d\u00e9roulant apparait dans lequel vous pouvez s\u00e9lectionner la Cave Coop\u00e9rative."
"help_popup_DR_mouts";"Ventes de mo\u00fbts destin\u00e9s \u00e0 l'\u00e9laboration de Cr\u00e9mant d'Alsace ; \u00e0 r\u00e9partir par acheteur (hl/l). <br /> Les reb\u00eaches produites au titre des ventes de mo\u00fbts restent chez le producteur. Vous devrez donc les inscrire en volume sur place (dans la rubrique reb\u00eaches). <br /> Sur votre DRM du mois de novembre, vous indiquerez <br /> 1) dans la colonne AOC Cr\u00e9mant d'Alsace, en entr\u00e9e (ligne 10) le volume de Cr\u00e9mant d'Alsace que vous avez produit PLUS le volume de mo\u00fbts que vous avez vendu. En ligne (c) sorties vrac ; vous inscrirez le volume de mo\u00fbts vendu. <br /> 2) Dans la colonne \"reb\u00eaches\" de la DRM vous inscrirez en entr\u00e9e le volume total de reb\u00eaches que vous avez obtenu (comprenant les reb\u00eaches produites au titre des ventes de mo\u00fbts)."
"help_popup_DR_vol_place";"vous indiquez ici le volume que vous vinifiez sur place (chez vous). A saisir avec 2 d\u00e9cimales (Hectolitres/litres). <br />  Les volumes s'entendent hors lies d\u00e9j\u00e0 soutir\u00e9es (qu'elles aient \u00e9t\u00e9 livr\u00e9es ou non)"
"help_popup_DR_vol_total_recolte";"Le volume total se calcule automatiquement en fonction de ce que vous avez saisi plus haut. Vous n'avez donc rien \u00e0 saisir dans cette rubrique."
"help_popup_DR_vol_revendique";"Correspond au volume maximum que vous pouvez revendiqu\u00e9 dans le c\u00e9page ou l'appellation"
"help_popup_DR_dplc";"Nous vous indiquons ici votre dplc en fonction de ce que vous avez saisi. <br />  Nous vous rappelons que dans l'AOC Alsace, en cas de d\u00e9passement d'un butoir c\u00e9page, c'est le DPLC de ce c\u00e9page qu'il faudra obligatoirement livrer en distillerie m\u00eame si vous avez moins (ou pas du tout) de DPLC sur le total de l'appellation. Voir les exemples dans la notice explicative compl\u00e8te  que vous pouvez t\u00e9l\u00e9charger ."
"help_popup_DR_total_cepage";"Nous vous indiquons ici, en fonction de ce que vous avez saisi, la r\u00e9partition de votre rendement dans le total c\u00e9page (volume revendiqu\u00e9 et DPLC \u00e9ventuel). <br /> Dans l'AOC Alsace, si le rendement \u00e0 l'ha appara\u00eet en rouge c'est que vous d\u00e9passez le rendement maximum butoir de ce c\u00e9page.<br />  Dans l'AOC Grand Cru le rendement se calcule  par c\u00e9page dans chacun des lieux-dits. S'il appara\u00eet en rouge c'est que vous d\u00e9passez le maximum autoris\u00e9 de ce c\u00e9page dans le lieu-dit Grand Cru concern\u00e9."
"help_popup_DR_total_couleur";"total couleur"
"help_popup_DR_total_couleur_alternatif";"Dans cette appellation le rendement s'entend par couleur (blanc ou rouge). Cette colonne est inactive parce que vous \u00eates en train de saisir une autre couleur"
"help_popup_DR_total_appellation";"Nous vous indiquons ici sur le total appellation, le rendement \u00e0 l'ha, le volume revendiqu\u00e9 et le DPLC \u00e9ventuel. <br />Si vous \u00eates en d\u00e9passement, le rendement appara\u00eet en rouge. <br />  ATTENTION ; dans l'AOC Alsace, les zones \"volume revendiqu\u00e9\" et \"dplc\" sont doubl\u00e9es. Les 2 premi\u00e8res correspondent au calcul du rendement de l'appellation. Les 2 suivantes correspondent \u00e0 la somme des volumes revendiqu\u00e9s et des d\u00e9passements de butoirs c\u00e9pages. Voir les exemples dans la notice explicative compl\u00e8te que vous pouvez t\u00e9l\u00e9charger. <br />  Dans l'AOC Alsace \"communale\" le rendement se calcule par couleur,  pour chaque communale distinctement . <br /> Dans l'AOC Alsace \"lieux-dits\" le rendement se calcule par couleur, tous lieux-dits confondus"
"help_popup_DR_recap_vente";"Il s'agit du r\u00e9capitulatif des ventes en fonction de ce que vous avez saisi dans les \u00e9crans pr\u00e9c\u00e9dents. Vous compl\u00e9tez ici, la surface correspondante \u00e0 chaque n\u00e9gociant et/ou cave coop\u00e9rative ainsi que, le cas \u00e9ch\u00e9ant, le DPLC qui revient \u00e0 chacun. Si vous d\u00e9cidez de livrer vous m\u00eame le DPLC vous ne mettez rien dans la zone \"Dont d√©passement\""
"help_popup_recapitulatif_ventes";"Cet \u00e9cran affiche le r\u00e9capitulatif de l\u2019appellation. <br /> L\u2019onglet orange, dans le haut de l\u2019\u00e9cran, vous indique dans quelle appellation vous vous trouvez. <br /> Si vous constatez une erreur, vous pouvez retourner \u00e0 la saisie des c\u00e9pages de l\u2019appellation et effectuer les corrections. <br /> <br /> Cet \u00e9cran reprend \u00e9galement  la r\u00e9partition des ventes et des apports caves (si vous en avez saisis. <br /> Vous renseignez  dans la rubrique \"r\u00e9capitulatif des ventes\" la surface et le DPLC \u00e9ventuel correspondants \u00e0 chaque vente ou apport."
"help_popup_autres";"Vous d\u00e9clarez dans cet \u00e9cran le volume global de lies obtenues sur le volume que vous avez vinifi\u00e9 sur place.<br /> Vous indiquez \u00e9galement ici la superficie globale de vos jeunes vignes <br /> voir les boutons d'aide (?) de chaque rubrique"
"help_popup_autres_lies";"Le terme lies comprend \u00e0 la fois les lies et les bourbes (d\u00e9finition communautaire du r\u00e8glement 1493/99 du conseil du 17/5/99). <br /> Vous indiquez ici le volume global de lies (toutes appellations confondues) <u>d\u00e9j\u00e0 soutir\u00e9es</u> qu'elles aient \u00e9t\u00e9 livr\u00e9es ou non. A saisir avec 2 d\u00e9cimales (hectolitres/litres).  <br /> Si vous \u00eates vendeur de raisins ou adh\u00e9rent \u00e0 une cave coop\u00e9rative vous \u00eates dispens\u00e9 d'indiquer les lies correspondant aux raisins livr\u00e9s. En revanche vous devez d\u00e9clarer celles relatives au volume vinifi\u00e9 sur place (ce sont vos acheteurs et vos caves coop\u00e9ratives qui d\u00e9clareront, globalement, les lies ult\u00e9rieurement). <br /> Les lies que vous d\u00e9clarez ici ne devront plus transiter par la DRM, m\u00eame si vous ne les avez pas encore livr\u00e9es (le document d'accompagnement fera foi).<br />  Pour les exploitations ayant d\u00e9clarer du DPLC sur leur d\u00e9claration de r\u00e9colte, les lies g\u00e9n\u00e9r\u00e9es apr\u00e8s la souscription de la d\u00e9claration de r\u00e9colte pourront venir en d\u00e9duction du DPLC. Ces volumes seront suivis sur la DRM"
"help_popup_autres_jv";"Indiquez ici la surface globale (ares,ca) de jeunes vignes (toutes appellations confondues). Les jeunes vignes correspondent aux 2 premi\u00e8res ann\u00e9es de plantation, avant la 3e feuille)."
"help_popup_validation";"Dans cet \u00e9cran vous trouvez le r\u00e9capitulatif de votre r\u00e9colte par appellation en fonction de ce que vous avez saisi dans les \u00e9tapes pr\u00e9c\u00e9dentes. Pour toute modification vous pouvez retournez \u00e0 l'\u00e9tape pr\u00e9c\u00e9dente, soit par le bouton  \"retournez \u00e0 l'\u00e9tape pr\u00e9c\u00e9dente\" soit en cliquant sur l'\u00e9tape 2 \"r\u00e9colte\" en haut de l'\u00e9cran"
"help_popup_validation_log_erreur";"Le logiciel vous informe ici des probl\u00e8mes rencontr\u00e9s sur votre d\u00e9claration. Ces erreurs sont bloquantes. Vous ne pourrez donc pas valider d\u00e9finitivement votre d\u00e9claration si elles ne sont pas r\u00e8gl\u00e9es.<br />  En cliquant sur le message vous retournez automatiquement \u00e0 l'endroit o\u00f9 se trouve le probl\u00e8me et vous pouvez effectuer la modification"
"help_popup_validation_log_vigilance";"Le logiciel vous informe ici des probl\u00e8mes rencontr\u00e9s sur votre d\u00e9claration. Ces erreurs ne sont pas bloquantes et ne vous emp\u00eacheront pas de valider votre d\u00e9claration de r\u00e9colte. <br /> En cliquant sur le message vous retournez automatiquement \u00e0 l'endroit o\u00f9 se trouve le probl\u00e8me et vous pouvez effectuer la modification si besoin"
"intro_mon_espace_civa_dr";"Vous pouvez interrompre la saisie de votre d\u00e9claration \u00e0 tout moment, vos donn\u00e9es seront conserv\u00e9es."
"intro_mon_espace_civa_dr_validee";"Vous avez d\u00e9j\u00e0 valid\u00e9 votre d\u00e9claration. Vous ne pouvez plus la modifier. Vous pouvez uniquement la visualiser et l'imprimer. En cas de probl\u00e8me contactez au CIVA  Dominique WOLFF ou B\u00e9atrice FISCHER"
"intro_mon_espace_civa_dr_non_disponible";"Le service est momentan\u00e9ment indisponible. Essayez de vous reconnecter ult\u00e9rieurement."
"intro_mon_espace_civa_dr_non_editable";"La date limite pour la souscription des d\u00e9clarations de r\u00e9colte est d\u00e9pass\u00e9e (10 d\u00e9cembre). Pour toute question, veuillez contacter directement le CIVA."
"intro_mon_espace_civa_dr_non_ouverte";"Le T\u00e9l\u00e9service pour la d\u00e9claration de r\u00e9colte 2011 sera ouvert \u00e0 partir du 2&nbsp;novembre."
"intro_gamma";"Vous avez acc\u00e8s ici \u00e0 l'application AlsaceGamm@."
"intro_doc_aide";"En cas de besoin n'h\u00e9sitez pas \u00e0 consulter la notice d'aide complete au format pdf."
"intro_exploitation_administratif";"Donn\u00e9es administratives, n'h\u00e9sitez pas \u00e0 les modifier en cas de changement."
"intro_exploitation_acheteurs";"Veuillez cocher les cases correspondantes \u00e0 la r\u00e9partition de votre r\u00e9colte."
"intro_exploitation_lieu_grdcru";"Dans l'\u00e9cran pr\u00e9c\u00e9dent vous avez cochez  AOC Alsace Grand Cru. Vous devez maintenant ici s\u00e9lectionner les lieux-dits pour lesquels vous avez r\u00e9colt\u00e9 de l'AOC Alsace Grand Cru. Vous pouvez \u00e0 tout moment supprimer la s\u00e9lection \u00e0 l'aide de la croix rouge."
"intro_exploitation_lieu_communale";"Dans l'\u00e9cran pr\u00e9c\u00e9dent vous avez coch\u00e9 \"Alsace communale\". Vous devez maintenant ici s\u00e9lectionner les appellations communales concern\u00e9es. Vous pouvez \u00e0 tout moment supprimer la s\u00e9lection \u00e0 l'aide de la croix rouge."
"intro_exploitation_lieu_txt_gris_grdcru";"Lieux-dits Grand Cru ;"
"intro_exploitation_lieu_txt_gris_communale";"Communales ;"
"intro_declaration_recolte";"Saisissez ici votre r\u00e9colte par c\u00e9page dans chacune des appellations que vous avez s\u00e9lectionn\u00e9e au d\u00e9but de votre d\u00e9claration"
"intro_exploitation_autres";"Saisissez ici votre volume global de lies et vos jeunes vignes sans production."
"intro_validation";"Veuillez v\u00e9rifier les informations saisies avant de valider votre d\u00e9claration. Vous pouvez \u00e0 tout moment visualiser votre d\u00e9claration de r\u00e9colte au format pdf en cliquant sur le bouton \"pr\u00e9visualiser\" en bas de l'\u00e9cran"
"msg_declaration_ecran_warning_precedente";"<u>Attention ;</u> afin de respecter les dispositions pr\u00e9vues dans le cahier des charges de l'AOC Alsace en mati\u00e8re de revendication des  nouvelles appellations  \"communales\" et \"lieux-dits g\u00e9ographiques\" ;<ul><li>le Klevener de Heiligenstein doit \u00eatre d\u00e9clar\u00e9 maintenant dans l'onglet \"Alsace Communale\". Si vous d\u00e9marrez votre d\u00e9claration 2011 \u00e0 partir de la d\u00e9claration d'une ann\u00e9e pr\u00e9c\u00e9dente dans laquelle vous aviez d\u00e9clar\u00e9 du Klevener de Heiligenstein, les donn\u00e9es correspondantes au KdeH ne seront pas r\u00e9cup\u00e9r\u00e9es (li\u00e9 \u00e0 des difficult\u00e9s techniques)</li><li>les \"lieux-dits g\u00e9ographiques\" revendiqu\u00e9s seraient \u00e0 saisir dans l'onglet \"Alsace lieu-dit\"</li></ul></li>"
"msg_declaration_ecran_warning_pre_import";"Ci-dessous la liste de vos caves ou acheteurs qui ont pr\u00e9-rempli \u00e0 ce jour les donn\u00e9es vous concernant ;"
"msg_declaration_ecran_warning_post_import";"Vous pourrez ais\u00e9ment compl\u00e9ter, rectifier et valider les donn\u00e9es pr\u00e9-remplies."
"intro_exploitation_lieu_txt_consigne_communale";"S\u00e9lectionnez une commune dans la liste suivante ;"
"intro_exploitation_lieu_txt_consigne_grdcru";"S\u00e9lectionnez un lieu-dit Grand Cru dans la liste suivante ;"
"intro_exploitation_lieu_txt_label_communale";"Ajoutez une commune ;"
"intro_exploitation_lieu_txt_label_grdcru";"Ajoutez un lieu-dit Grand Cru ;"
"help_popup_DR_lieu-dit";"Vous avez coch\u00e9 une case \"AOC Alsace lieu-dit\" dans l'\u00e9cran \"r\u00e9partition de la r\u00e9colte\". Vous devez renseigner ici le nom du ou des lieux-dits g\u00e9ographiques concern\u00e9s"
