#interpro;categorie_libelle;categorie_code;genre_libelle;genre_code;denomination_libelle;denomination_code;mention_libelle;mention_code;lieu_libelle;lieu_code;couleur_libelle;couleur_code;cepage_libelle;cepage_code;departements;douane_code;douane_libelle;douane_taxe;douane_date;douane_noeud;cvo_taxe;cvo_date;cvo_noeud;repli_entree;repli_sorti;declassement_entree;declassement_sorti;densite;labels;code_produit;code_produit_noeud;code_analytique;code_comptable_noeud;code_douane;code_douane_noeud;alias_produit;format_libelle_noeud;format_libelle_noeud
declaration;AOC;AOC_ALSACE;;TRANQ;AOC Alsace blanc;ALSACEBLANC;;;;;;;Chasselas;CH;;L387;Vins Tranquilles;3,75;2015-08-01;G;5;2015-08-01;C;;;;;;;;;;;;;;;%a% %l% %ce;certification;
declaration;AOC;AOC_ALSACE;;TRANQ;AOC Alsace blanc;ALSACEBLANC;;;;;;;Sylvaner;SY;;L387;Vins Tranquilles;3,75;2015-08-01;G;5;2015-08-01;C;;;;;;;;;;;;;;;%a% %l% %ce;certification;
declaration;AOC;AOC_ALSACE;;TRANQ;AOC Alsace blanc;ALSACEBLANC;;;;;;;Auxerrois;AU;;L387;Vins Tranquilles;3,75;2015-08-01;G;5;2015-08-01;C;;;;;;;;;;;;;;;%a% %l% %ce;certification;
declaration;AOC;AOC_ALSACE;;TRANQ;AOC Alsace blanc;ALSACEBLANC;;;;;;;Pinot Blanc;PB;;L387;Vins Tranquilles;3,75;2015-08-01;G;5;2015-08-01;C;;;;;;;;;;;;;;;%a% %l% %ce;certification;
declaration;AOC;AOC_ALSACE;;TRANQ;AOC Alsace blanc;ALSACEBLANC;;;;;;;Pinot;PI;;L387;Vins Tranquilles;3,75;2015-08-01;G;5;2015-08-01;C;;;;;;;;;;;;;;;%a% %l% %ce;certification;
declaration;AOC;AOC_ALSACE;;TRANQ;AOC Alsace blanc;ALSACEBLANC;;;;;;;Assemblage;ED;;L387;Vins Tranquilles;3,75;2015-08-01;G;5;2015-08-01;C;;;;;;;;;;;;;;;%a% %l% %ce;certification;
declaration;AOC;AOC_ALSACE;;TRANQ;AOC Alsace blanc;ALSACEBLANC;;;;;;;Riesling;RI;;L387;Vins Tranquilles;3,75;2015-08-01;G;5;2015-08-01;C;;;;;;;;;;;;;;;%a% %l% %ce;certification;
declaration;AOC;AOC_ALSACE;;TRANQ;AOC Alsace blanc;ALSACEBLANC;;;;;;;Pinot Gris;PG;;L387;Vins Tranquilles;3,75;2015-08-01;G;5;2015-08-01;C;;;;;;;;;;;;;;;%a% %l% %ce;certification;
declaration;AOC;AOC_ALSACE;;TRANQ;AOC Alsace blanc;ALSACEBLANC;;;;;;;Muscat;MU;;L387;Vins Tranquilles;3,75;2015-08-01;G;5;2015-08-01;C;;;;;;;;;;;;;;;%a% %l% %ce;certification;
declaration;AOC;AOC_ALSACE;;TRANQ;AOC Alsace blanc;ALSACEBLANC;;;;;;;Muscat Ottonel;MO;;L387;Vins Tranquilles;3,75;2015-08-01;G;5;2015-08-01;C;;;;;;;;;;;;;;;%a% %l% %ce;certification;
declaration;AOC;AOC_ALSACE;;TRANQ;AOC Alsace blanc;ALSACEBLANC;;;;;;;Gewurztraminer;GW;;L387;Vins Tranquilles;3,75;2015-08-01;G;5;2015-08-01;C;;;;;;;;;;;;;;;%a% %l% %ce;certification;
declaration;AOC;AOC_ALSACE;;TRANQ;AOC Alsace Lieu-dit;LIEUDIT;;;;;Blanc;blanc;Chasselas;CH;;L387;Vins Tranquilles;3,75;2015-08-01;G;5;2015-08-01;C;;;;;;;;;;;;;;;%a% %l% %ce;certification;
declaration;AOC;AOC_ALSACE;;TRANQ;AOC Alsace Lieu-dit;LIEUDIT;;;;;Blanc;blanc;Sylvaner;SY;;L387;Vins Tranquilles;3,75;2015-08-01;G;5;2015-08-01;C;;;;;;;;;;;;;;;%a% %l% %ce;certification;
declaration;AOC;AOC_ALSACE;;TRANQ;AOC Alsace Lieu-dit;LIEUDIT;;;;;Blanc;blanc;Auxerrois;AU;;L387;Vins Tranquilles;3,75;2015-08-01;G;5;2015-08-01;C;;;;;;;;;;;;;;;%a% %l% %ce;certification;
declaration;AOC;AOC_ALSACE;;TRANQ;AOC Alsace Lieu-dit;LIEUDIT;;;;;Blanc;blanc;Pinot Blanc;PB;;L387;Vins Tranquilles;3,75;2015-08-01;G;5;2015-08-01;C;;;;;;;;;;;;;;;%a% %l% %ce;certification;
declaration;AOC;AOC_ALSACE;;TRANQ;AOC Alsace Lieu-dit;LIEUDIT;;;;;Blanc;blanc;Pinot;PI;;L387;Vins Tranquilles;3,75;2015-08-01;G;5;2015-08-01;C;;;;;;;;;;;;;;;%a% %l% %ce;certification;
declaration;AOC;AOC_ALSACE;;TRANQ;AOC Alsace Lieu-dit;LIEUDIT;;;;;Blanc;blanc;Assemblage;ED;;L387;Vins Tranquilles;3,75;2015-08-01;G;5;2015-08-01;C;;;;;;;;;;;;;;;%a% %l% %ce;certification;
declaration;AOC;AOC_ALSACE;;TRANQ;AOC Alsace Lieu-dit;LIEUDIT;;;;;Blanc;blanc;Riesling;RI;;L387;Vins Tranquilles;3,75;2015-08-01;G;5;2015-08-01;C;;;;;;;;;;;;;;;%a% %l% %ce;certification;
declaration;AOC;AOC_ALSACE;;TRANQ;AOC Alsace Lieu-dit;LIEUDIT;;;;;Blanc;blanc;Pinot Gris;PG;;L387;Vins Tranquilles;3,75;2015-08-01;G;5;2015-08-01;C;;;;;;;;;;;;;;;%a% %l% %ce;certification;
declaration;AOC;AOC_ALSACE;;TRANQ;AOC Alsace Lieu-dit;LIEUDIT;;;;;Blanc;blanc;Muscat;MU;;L387;Vins Tranquilles;3,75;2015-08-01;G;5;2015-08-01;C;;;;;;;;;;;;;;;%a% %l% %ce;certification;
declaration;AOC;AOC_ALSACE;;TRANQ;AOC Alsace Lieu-dit;LIEUDIT;;;;;Blanc;blanc;Muscat Ottonel;MO;;L387;Vins Tranquilles;3,75;2015-08-01;G;5;2015-08-01;C;;;;;;;;;;;;;;;%a% %l% %ce;certification;
declaration;AOC;AOC_ALSACE;;TRANQ;AOC Alsace Lieu-dit;LIEUDIT;;;;;Blanc;blanc;Gewurztraminer;GW;;L387;Vins Tranquilles;3,75;2015-08-01;G;5;2015-08-01;C;;;;;;;;;;;;;;;%a% %l% %ce;certification;
declaration;AOC;AOC_ALSACE;;TRANQ;AOC Alsace Lieu-dit;LIEUDIT;;;;;Rouge;rouge;Pinot Noir Rouge;PR;;L387;Vins Tranquilles;3,75;2015-08-01;G;5;2015-08-01;C;;;;;;;;;;;;;;;%a% %l% %ce;certification;
declaration;AOC;AOC_ALSACE;;TRANQ;AOC Alsace Communale;COMMUNALE;;;Blienschwiller;BLIE;Blanc;blanc;Sylvaner;SY;;L387;Vins Tranquilles;3,75;2015-08-01;G;5;2015-08-01;C;;;;;;;;;;;;;;;%a% %l% %ce;certification;
declaration;AOC;AOC_ALSACE;;TRANQ;AOC Alsace Communale;COMMUNALE;;;Bergheim;BERG;Blanc;blanc;Gewurztraminer;GW;;L387;Vins Tranquilles;3,75;2015-08-01;G;5;2015-08-01;C;;;;;;;;;;;;;;;%a% %l% %ce;certification;
declaration;AOC;AOC_ALSACE;;TRANQ;AOC Alsace Communale;COMMUNALE;;;Côtes de Barr;BARR;Blanc;blanc;Sylvaner;SY;;L387;Vins Tranquilles;3,75;2015-08-01;G;5;2015-08-01;C;;;;;;;;;;;;;;;%a% %l% %ce;certification;
declaration;AOC;AOC_ALSACE;;TRANQ;AOC Alsace Communale;COMMUNALE;;;Côte de Rouffach;ROUF;Blanc;blanc;Riesling;RI;;L387;Vins Tranquilles;3,75;2015-08-01;G;5;2015-08-01;C;;;;;;;;;;;;;;;%a% %l% %ce;certification;
declaration;AOC;AOC_ALSACE;;TRANQ;AOC Alsace Communale;COMMUNALE;;;Côte de Rouffach;ROUF;Blanc;blanc;Pinot Gris;PG;;L387;Vins Tranquilles;3,75;2015-08-01;G;5;2015-08-01;C;;;;;;;;;;;;;;;%a% %l% %ce;certification;
declaration;AOC;AOC_ALSACE;;TRANQ;AOC Alsace Communale;COMMUNALE;;;Côte de Rouffach;ROUF;Blanc;blanc;Gewurztraminer;GW;;L387;Vins Tranquilles;3,75;2015-08-01;G;5;2015-08-01;C;;;;;;;;;;;;;;;%a% %l% %ce;certification;
declaration;AOC;AOC_ALSACE;;TRANQ;AOC Alsace Communale;COMMUNALE;;;Côte de Rouffach;ROUF;Rouge;rouge;Pinot Noir Rouge;PR;;L387;Vins Tranquilles;3,75;2015-08-01;G;5;2015-08-01;C;;;;;;;;;;;;;;;%a% %l% %ce;certification;
declaration;AOC;AOC_ALSACE;;TRANQ;AOC Alsace Communale;COMMUNALE;;;Coteaux du Haut-Koenigsbourg;COHK;Blanc;blanc;Riesling;RI;;L387;Vins Tranquilles;3,75;2015-08-01;G;5;2015-08-01;C;;;;;;;;;;;;;;;%a% %l% %ce;certification;
declaration;AOC;AOC_ALSACE;;TRANQ;AOC Alsace Communale;COMMUNALE;;;Coteaux du Haut-Koenigsbourg;COHK;Blanc;blanc;Gewurztraminer;GW;;L387;Vins Tranquilles;3,75;2015-08-01;G;5;2015-08-01;C;;;;;;;;;;;;;;;%a% %l% %ce;certification;
declaration;AOC;AOC_ALSACE;;TRANQ;AOC Alsace Communale;COMMUNALE;;;Klevener de Heiligenstein;KLEV;Blanc;blanc;Klevener de Heiligenstein;KL;;L387;Vins Tranquilles;3,75;2015-08-01;G;5;2015-08-01;C;;;;;;;;;;;;;;;%a% %l% %ce;certification;
declaration;AOC;AOC_ALSACE;;TRANQ;AOC Alsace Communale;COMMUNALE;;;Ottrott;OTTR;Rouge;rouge;Pinot Noir Rouge;PR;;L387;Vins Tranquilles;3,75;2015-08-01;G;5;2015-08-01;C;;;;;;;;;;;;;;;%a% %l% %ce;certification;
declaration;AOC;AOC_ALSACE;;TRANQ;AOC Alsace Communale;COMMUNALE;;;Rodern;RODE;Rouge;rouge;Pinot Noir Rouge;PR;;L387;Vins Tranquilles;3,75;2015-08-01;G;5;2015-08-01;C;;;;;;;;;;;;;;;%a% %l% %ce;certification;
declaration;AOC;AOC_ALSACE;;TRANQ;AOC Alsace Communale;COMMUNALE;;;Saint Hippolyte;STHI;Rouge;rouge;Pinot Noir Rouge;PR;;L387;Vins Tranquilles;3,75;2015-08-01;G;5;2015-08-01;C;;;;;;;;;;;;;;;%a% %l% %ce;certification;
declaration;AOC;AOC_ALSACE;;TRANQ;AOC Alsace Communale;COMMUNALE;;;Vallée Noble;NOBL;Blanc;blanc;Riesling;RI;;L387;Vins Tranquilles;3,75;2015-08-01;G;5;2015-08-01;C;;;;;;;;;;;;;;;%a% %l% %ce;certification;
declaration;AOC;AOC_ALSACE;;TRANQ;AOC Alsace Communale;COMMUNALE;;;Vallée Noble;NOBL;Blanc;blanc;Pinot Gris;PG;;L387;Vins Tranquilles;3,75;2015-08-01;G;5;2015-08-01;C;;;;;;;;;;;;;;;%a% %l% %ce;certification;
declaration;AOC;AOC_ALSACE;;TRANQ;AOC Alsace Communale;COMMUNALE;;;Vallée Noble;NOBL;Blanc;blanc;Gewurztraminer;GW;;L387;Vins Tranquilles;3,75;2015-08-01;G;5;2015-08-01;C;;;;;;;;;;;;;;;%a% %l% %ce;certification;
declaration;AOC;AOC_ALSACE;;TRANQ;AOC Alsace Communale;COMMUNALE;;;Val Saint Grégoire;STGR;Blanc;blanc;Auxerrois;AU;;L387;Vins Tranquilles;3,75;2015-08-01;G;5;2015-08-01;C;;;;;;;;;;;;;;;%a% %l% %ce;certification;
declaration;AOC;AOC_ALSACE;;TRANQ;AOC Alsace Communale;COMMUNALE;;;Val Saint Grégoire;STGR;Blanc;blanc;Pinot Blanc;PB;;L387;Vins Tranquilles;3,75;2015-08-01;G;5;2015-08-01;C;;;;;;;;;;;;;;;%a% %l% %ce;certification;
declaration;AOC;AOC_ALSACE;;TRANQ;AOC Alsace Communale;COMMUNALE;;;Val Saint Grégoire;STGR;Blanc;blanc;Pinot Gris;PG;;L387;Vins Tranquilles;3,75;2015-08-01;G;5;2015-08-01;C;;;;;;;;;;;;;;;%a% %l% %ce;certification;
declaration;AOC;AOC_ALSACE;;TRANQ;AOC Alsace Communale;COMMUNALE;;;Scherwiller;SCHE;Blanc;blanc;Riesling;RI;;L387;Vins Tranquilles;3,75;2015-08-01;G;5;2015-08-01;C;;;;;;;;;;;;;;;%a% %l% %ce;certification;
declaration;AOC;AOC_ALSACE;;TRANQ;AOC Alsace Communale;COMMUNALE;;;Wolxheim;WOLX;Blanc;blanc;Riesling;RI;;L387;Vins Tranquilles;3,75;2015-08-01;G;5;2015-08-01;C;;;;;;;;;;;;;;;%a% %l% %ce;certification;
declaration;AOC;AOC_ALSACE;;TRANQ;AOC Alsace Grands Crus;GRDCRU;;;Altenberg de Bergbieten;01;;;Riesling;RI;;L387;Vins Tranquilles;3,75;2015-08-01;G;5;2015-08-01;C;;;;;;;;;;;;;;;%a% %l% %ce;certification;
declaration;AOC;AOC_ALSACE;;TRANQ;AOC Alsace Grands Crus;GRDCRU;;;Altenberg de Bergbieten;01;;;Pinot Gris;PG;;L387;Vins Tranquilles;3,75;2015-08-01;G;5;2015-08-01;C;;;;;;;;;;;;;;;%a% %l% %ce;certification;
declaration;AOC;AOC_ALSACE;;TRANQ;AOC Alsace Grands Crus;GRDCRU;;;Altenberg de Bergbieten;01;;;Muscat;MU;;L387;Vins Tranquilles;3,75;2015-08-01;G;5;2015-08-01;C;;;;;;;;;;;;;;;%a% %l% %ce;certification;
declaration;AOC;AOC_ALSACE;;TRANQ;AOC Alsace Grands Crus;GRDCRU;;;Altenberg de Bergbieten;01;;;Gewurztraminer;GW;;L387;Vins Tranquilles;3,75;2015-08-01;G;5;2015-08-01;C;;;;;;;;;;;;;;;%a% %l% %ce;certification;
declaration;AOC;AOC_ALSACE;;TRANQ;AOC Alsace Grands Crus;GRDCRU;;;Altenberg de Bergheim;02;;;Assemblage;ED;;L387;Vins Tranquilles;3,75;2015-08-01;G;5;2015-08-01;C;;;;;;;;;;;;;;;%a% %l% %ce;certification;
declaration;AOC;AOC_ALSACE;;TRANQ;AOC Alsace Grands Crus;GRDCRU;;;Altenberg de Bergheim;02;;;Riesling;RI;;L387;Vins Tranquilles;3,75;2015-08-01;G;5;2015-08-01;C;;;;;;;;;;;;;;;%a% %l% %ce;certification;
declaration;AOC;AOC_ALSACE;;TRANQ;AOC Alsace Grands Crus;GRDCRU;;;Altenberg de Bergheim;02;;;Pinot Gris;PG;;L387;Vins Tranquilles;3,75;2015-08-01;G;5;2015-08-01;C;;;;;;;;;;;;;;;%a% %l% %ce;certification;
declaration;AOC;AOC_ALSACE;;TRANQ;AOC Alsace Grands Crus;GRDCRU;;;Altenberg de Bergheim;02;;;Gewurztraminer;GW;;L387;Vins Tranquilles;3,75;2015-08-01;G;5;2015-08-01;C;;;;;;;;;;;;;;;%a% %l% %ce;certification;
declaration;AOC;AOC_ALSACE;;TRANQ;AOC Alsace Grands Crus;GRDCRU;;;Altenberg de Wolxheim;26;;;Riesling;RI;;L387;Vins Tranquilles;3,75;2015-08-01;G;5;2015-08-01;C;;;;;;;;;;;;;;;%a% %l% %ce;certification;
declaration;AOC;AOC_ALSACE;;TRANQ;AOC Alsace Grands Crus;GRDCRU;;;Altenberg de Wolxheim;26;;;Pinot Gris;PG;;L387;Vins Tranquilles;3,75;2015-08-01;G;5;2015-08-01;C;;;;;;;;;;;;;;;%a% %l% %ce;certification;
declaration;AOC;AOC_ALSACE;;TRANQ;AOC Alsace Grands Crus;GRDCRU;;;Altenberg de Wolxheim;26;;;Muscat;MU;;L387;Vins Tranquilles;3,75;2015-08-01;G;5;2015-08-01;C;;;;;;;;;;;;;;;%a% %l% %ce;certification;
declaration;AOC;AOC_ALSACE;;TRANQ;AOC Alsace Grands Crus;GRDCRU;;;Altenberg de Wolxheim;26;;;Gewurztraminer;GW;;L387;Vins Tranquilles;3,75;2015-08-01;G;5;2015-08-01;C;;;;;;;;;;;;;;;%a% %l% %ce;certification;
declaration;AOC;AOC_ALSACE;;TRANQ;AOC Alsace Grands Crus;GRDCRU;;;Brand;03;;;Riesling;RI;;L387;Vins Tranquilles;3,75;2015-08-01;G;5;2015-08-01;C;;;;;;;;;;;;;;;%a% %l% %ce;certification;
declaration;AOC;AOC_ALSACE;;TRANQ;AOC Alsace Grands Crus;GRDCRU;;;Brand;03;;;Pinot Gris;PG;;L387;Vins Tranquilles;3,75;2015-08-01;G;5;2015-08-01;C;;;;;;;;;;;;;;;%a% %l% %ce;certification;
declaration;AOC;AOC_ALSACE;;TRANQ;AOC Alsace Grands Crus;GRDCRU;;;Brand;03;;;Muscat;MU;;L387;Vins Tranquilles;3,75;2015-08-01;G;5;2015-08-01;C;;;;;;;;;;;;;;;%a% %l% %ce;certification;
declaration;AOC;AOC_ALSACE;;TRANQ;AOC Alsace Grands Crus;GRDCRU;;;Brand;03;;;Gewurztraminer;GW;;L387;Vins Tranquilles;3,75;2015-08-01;G;5;2015-08-01;C;;;;;;;;;;;;;;;%a% %l% %ce;certification;
declaration;AOC;AOC_ALSACE;;TRANQ;AOC Alsace Grands Crus;GRDCRU;;;Bruderthal;49;;;Riesling;RI;;L387;Vins Tranquilles;3,75;2015-08-01;G;5;2015-08-01;C;;;;;;;;;;;;;;;%a% %l% %ce;certification;
declaration;AOC;AOC_ALSACE;;TRANQ;AOC Alsace Grands Crus;GRDCRU;;;Bruderthal;49;;;Pinot Gris;PG;;L387;Vins Tranquilles;3,75;2015-08-01;G;5;2015-08-01;C;;;;;;;;;;;;;;;%a% %l% %ce;certification;
declaration;AOC;AOC_ALSACE;;TRANQ;AOC Alsace Grands Crus;GRDCRU;;;Bruderthal;49;;;Muscat;MU;;L387;Vins Tranquilles;3,75;2015-08-01;G;5;2015-08-01;C;;;;;;;;;;;;;;;%a% %l% %ce;certification;
declaration;AOC;AOC_ALSACE;;TRANQ;AOC Alsace Grands Crus;GRDCRU;;;Bruderthal;49;;;Gewurztraminer;GW;;L387;Vins Tranquilles;3,75;2015-08-01;G;5;2015-08-01;C;;;;;;;;;;;;;;;%a% %l% %ce;certification;
declaration;AOC;AOC_ALSACE;;TRANQ;AOC Alsace Grands Crus;GRDCRU;;;Eichberg;04;;;Riesling;RI;;L387;Vins Tranquilles;3,75;2015-08-01;G;5;2015-08-01;C;;;;;;;;;;;;;;;%a% %l% %ce;certification;
declaration;AOC;AOC_ALSACE;;TRANQ;AOC Alsace Grands Crus;GRDCRU;;;Eichberg;04;;;Pinot Gris;PG;;L387;Vins Tranquilles;3,75;2015-08-01;G;5;2015-08-01;C;;;;;;;;;;;;;;;%a% %l% %ce;certification;
declaration;AOC;AOC_ALSACE;;TRANQ;AOC Alsace Grands Crus;GRDCRU;;;Eichberg;04;;;Muscat;MU;;L387;Vins Tranquilles;3,75;2015-08-01;G;5;2015-08-01;C;;;;;;;;;;;;;;;%a% %l% %ce;certification;
declaration;AOC;AOC_ALSACE;;TRANQ;AOC Alsace Grands Crus;GRDCRU;;;Eichberg;04;;;Gewurztraminer;GW;;L387;Vins Tranquilles;3,75;2015-08-01;G;5;2015-08-01;C;;;;;;;;;;;;;;;%a% %l% %ce;certification;
declaration;AOC;AOC_ALSACE;;TRANQ;AOC Alsace Grands Crus;GRDCRU;;;Engelberg;27;;;Riesling;RI;;L387;Vins Tranquilles;3,75;2015-08-01;G;5;2015-08-01;C;;;;;;;;;;;;;;;%a% %l% %ce;certification;
declaration;AOC;AOC_ALSACE;;TRANQ;AOC Alsace Grands Crus;GRDCRU;;;Engelberg;27;;;Pinot Gris;PG;;L387;Vins Tranquilles;3,75;2015-08-01;G;5;2015-08-01;C;;;;;;;;;;;;;;;%a% %l% %ce;certification;
declaration;AOC;AOC_ALSACE;;TRANQ;AOC Alsace Grands Crus;GRDCRU;;;Engelberg;27;;;Muscat;MU;;L387;Vins Tranquilles;3,75;2015-08-01;G;5;2015-08-01;C;;;;;;;;;;;;;;;%a% %l% %ce;certification;
declaration;AOC;AOC_ALSACE;;TRANQ;AOC Alsace Grands Crus;GRDCRU;;;Engelberg;27;;;Gewurztraminer;GW;;L387;Vins Tranquilles;3,75;2015-08-01;G;5;2015-08-01;C;;;;;;;;;;;;;;;%a% %l% %ce;certification;
declaration;AOC;AOC_ALSACE;;TRANQ;AOC Alsace Grands Crus;GRDCRU;;;Florimont;50;;;Riesling;RI;;L387;Vins Tranquilles;3,75;2015-08-01;G;5;2015-08-01;C;;;;;;;;;;;;;;;%a% %l% %ce;certification;
declaration;AOC;AOC_ALSACE;;TRANQ;AOC Alsace Grands Crus;GRDCRU;;;Florimont;50;;;Pinot Gris;PG;;L387;Vins Tranquilles;3,75;2015-08-01;G;5;2015-08-01;C;;;;;;;;;;;;;;;%a% %l% %ce;certification;
declaration;AOC;AOC_ALSACE;;TRANQ;AOC Alsace Grands Crus;GRDCRU;;;Florimont;50;;;Muscat;MU;;L387;Vins Tranquilles;3,75;2015-08-01;G;5;2015-08-01;C;;;;;;;;;;;;;;;%a% %l% %ce;certification;
declaration;AOC;AOC_ALSACE;;TRANQ;AOC Alsace Grands Crus;GRDCRU;;;Florimont;50;;;Gewurztraminer;GW;;L387;Vins Tranquilles;3,75;2015-08-01;G;5;2015-08-01;C;;;;;;;;;;;;;;;%a% %l% %ce;certification;
declaration;AOC;AOC_ALSACE;;TRANQ;AOC Alsace Grands Crus;GRDCRU;;;Frankstein;28;;;Riesling;RI;;L387;Vins Tranquilles;3,75;2015-08-01;G;5;2015-08-01;C;;;;;;;;;;;;;;;%a% %l% %ce;certification;
declaration;AOC;AOC_ALSACE;;TRANQ;AOC Alsace Grands Crus;GRDCRU;;;Frankstein;28;;;Pinot Gris;PG;;L387;Vins Tranquilles;3,75;2015-08-01;G;5;2015-08-01;C;;;;;;;;;;;;;;;%a% %l% %ce;certification;
declaration;AOC;AOC_ALSACE;;TRANQ;AOC Alsace Grands Crus;GRDCRU;;;Frankstein;28;;;Muscat;MU;;L387;Vins Tranquilles;3,75;2015-08-01;G;5;2015-08-01;C;;;;;;;;;;;;;;;%a% %l% %ce;certification;
declaration;AOC;AOC_ALSACE;;TRANQ;AOC Alsace Grands Crus;GRDCRU;;;Frankstein;28;;;Gewurztraminer;GW;;L387;Vins Tranquilles;3,75;2015-08-01;G;5;2015-08-01;C;;;;;;;;;;;;;;;%a% %l% %ce;certification;
declaration;AOC;AOC_ALSACE;;TRANQ;AOC Alsace Grands Crus;GRDCRU;;;Froehn;29;;;Riesling;RI;;L387;Vins Tranquilles;3,75;2015-08-01;G;5;2015-08-01;C;;;;;;;;;;;;;;;%a% %l% %ce;certification;
declaration;AOC;AOC_ALSACE;;TRANQ;AOC Alsace Grands Crus;GRDCRU;;;Froehn;29;;;Pinot Gris;PG;;L387;Vins Tranquilles;3,75;2015-08-01;G;5;2015-08-01;C;;;;;;;;;;;;;;;%a% %l% %ce;certification;
declaration;AOC;AOC_ALSACE;;TRANQ;AOC Alsace Grands Crus;GRDCRU;;;Froehn;29;;;Muscat;MU;;L387;Vins Tranquilles;3,75;2015-08-01;G;5;2015-08-01;C;;;;;;;;;;;;;;;%a% %l% %ce;certification;
declaration;AOC;AOC_ALSACE;;TRANQ;AOC Alsace Grands Crus;GRDCRU;;;Froehn;29;;;Gewurztraminer;GW;;L387;Vins Tranquilles;3,75;2015-08-01;G;5;2015-08-01;C;;;;;;;;;;;;;;;%a% %l% %ce;certification;
declaration;AOC;AOC_ALSACE;;TRANQ;AOC Alsace Grands Crus;GRDCRU;;;Furstentum;48;;;Riesling;RI;;L387;Vins Tranquilles;3,75;2015-08-01;G;5;2015-08-01;C;;;;;;;;;;;;;;;%a% %l% %ce;certification;
declaration;AOC;AOC_ALSACE;;TRANQ;AOC Alsace Grands Crus;GRDCRU;;;Furstentum;48;;;Pinot Gris;PG;;L387;Vins Tranquilles;3,75;2015-08-01;G;5;2015-08-01;C;;;;;;;;;;;;;;;%a% %l% %ce;certification;
declaration;AOC;AOC_ALSACE;;TRANQ;AOC Alsace Grands Crus;GRDCRU;;;Furstentum;48;;;Muscat;MU;;L387;Vins Tranquilles;3,75;2015-08-01;G;5;2015-08-01;C;;;;;;;;;;;;;;;%a% %l% %ce;certification;
declaration;AOC;AOC_ALSACE;;TRANQ;AOC Alsace Grands Crus;GRDCRU;;;Furstentum;48;;;Gewurztraminer;GW;;L387;Vins Tranquilles;3,75;2015-08-01;G;5;2015-08-01;C;;;;;;;;;;;;;;;%a% %l% %ce;certification;
declaration;AOC;AOC_ALSACE;;TRANQ;AOC Alsace Grands Crus;GRDCRU;;;Geisberg;05;;;Riesling;RI;;L387;Vins Tranquilles;3,75;2015-08-01;G;5;2015-08-01;C;;;;;;;;;;;;;;;%a% %l% %ce;certification;
declaration;AOC;AOC_ALSACE;;TRANQ;AOC Alsace Grands Crus;GRDCRU;;;Geisberg;05;;;Pinot Gris;PG;;L387;Vins Tranquilles;3,75;2015-08-01;G;5;2015-08-01;C;;;;;;;;;;;;;;;%a% %l% %ce;certification;
declaration;AOC;AOC_ALSACE;;TRANQ;AOC Alsace Grands Crus;GRDCRU;;;Geisberg;05;;;Muscat;MU;;L387;Vins Tranquilles;3,75;2015-08-01;G;5;2015-08-01;C;;;;;;;;;;;;;;;%a% %l% %ce;certification;
declaration;AOC;AOC_ALSACE;;TRANQ;AOC Alsace Grands Crus;GRDCRU;;;Geisberg;05;;;Gewurztraminer;GW;;L387;Vins Tranquilles;3,75;2015-08-01;G;5;2015-08-01;C;;;;;;;;;;;;;;;%a% %l% %ce;certification;
declaration;AOC;AOC_ALSACE;;TRANQ;AOC Alsace Grands Crus;GRDCRU;;;Gloeckelberg;06;;;Riesling;RI;;L387;Vins Tranquilles;3,75;2015-08-01;G;5;2015-08-01;C;;;;;;;;;;;;;;;%a% %l% %ce;certification;
declaration;AOC;AOC_ALSACE;;TRANQ;AOC Alsace Grands Crus;GRDCRU;;;Gloeckelberg;06;;;Pinot Gris;PG;;L387;Vins Tranquilles;3,75;2015-08-01;G;5;2015-08-01;C;;;;;;;;;;;;;;;%a% %l% %ce;certification;
declaration;AOC;AOC_ALSACE;;TRANQ;AOC Alsace Grands Crus;GRDCRU;;;Gloeckelberg;06;;;Muscat;MU;;L387;Vins Tranquilles;3,75;2015-08-01;G;5;2015-08-01;C;;;;;;;;;;;;;;;%a% %l% %ce;certification;
declaration;AOC;AOC_ALSACE;;TRANQ;AOC Alsace Grands Crus;GRDCRU;;;Gloeckelberg;06;;;Gewurztraminer;GW;;L387;Vins Tranquilles;3,75;2015-08-01;G;5;2015-08-01;C;;;;;;;;;;;;;;;%a% %l% %ce;certification;
declaration;AOC;AOC_ALSACE;;TRANQ;AOC Alsace Grands Crus;GRDCRU;;;Goldert;07;;;Riesling;RI;;L387;Vins Tranquilles;3,75;2015-08-01;G;5;2015-08-01;C;;;;;;;;;;;;;;;%a% %l% %ce;certification;
declaration;AOC;AOC_ALSACE;;TRANQ;AOC Alsace Grands Crus;GRDCRU;;;Goldert;07;;;Pinot Gris;PG;;L387;Vins Tranquilles;3,75;2015-08-01;G;5;2015-08-01;C;;;;;;;;;;;;;;;%a% %l% %ce;certification;
declaration;AOC;AOC_ALSACE;;TRANQ;AOC Alsace Grands Crus;GRDCRU;;;Goldert;07;;;Muscat;MU;;L387;Vins Tranquilles;3,75;2015-08-01;G;5;2015-08-01;C;;;;;;;;;;;;;;;%a% %l% %ce;certification;
declaration;AOC;AOC_ALSACE;;TRANQ;AOC Alsace Grands Crus;GRDCRU;;;Goldert;07;;;Gewurztraminer;GW;;L387;Vins Tranquilles;3,75;2015-08-01;G;5;2015-08-01;C;;;;;;;;;;;;;;;%a% %l% %ce;certification;
declaration;AOC;AOC_ALSACE;;TRANQ;AOC Alsace Grands Crus;GRDCRU;;;Hatschbourg;08;;;Riesling;RI;;L387;Vins Tranquilles;3,75;2015-08-01;G;5;2015-08-01;C;;;;;;;;;;;;;;;%a% %l% %ce;certification;
declaration;AOC;AOC_ALSACE;;TRANQ;AOC Alsace Grands Crus;GRDCRU;;;Hatschbourg;08;;;Pinot Gris;PG;;L387;Vins Tranquilles;3,75;2015-08-01;G;5;2015-08-01;C;;;;;;;;;;;;;;;%a% %l% %ce;certification;
declaration;AOC;AOC_ALSACE;;TRANQ;AOC Alsace Grands Crus;GRDCRU;;;Hatschbourg;08;;;Muscat;MU;;L387;Vins Tranquilles;3,75;2015-08-01;G;5;2015-08-01;C;;;;;;;;;;;;;;;%a% %l% %ce;certification;
declaration;AOC;AOC_ALSACE;;TRANQ;AOC Alsace Grands Crus;GRDCRU;;;Hatschbourg;08;;;Gewurztraminer;GW;;L387;Vins Tranquilles;3,75;2015-08-01;G;5;2015-08-01;C;;;;;;;;;;;;;;;%a% %l% %ce;certification;
declaration;AOC;AOC_ALSACE;;TRANQ;AOC Alsace Grands Crus;GRDCRU;;;Hengst;09;;;Riesling;RI;;L387;Vins Tranquilles;3,75;2015-08-01;G;5;2015-08-01;C;;;;;;;;;;;;;;;%a% %l% %ce;certification;
declaration;AOC;AOC_ALSACE;;TRANQ;AOC Alsace Grands Crus;GRDCRU;;;Hengst;09;;;Pinot Gris;PG;;L387;Vins Tranquilles;3,75;2015-08-01;G;5;2015-08-01;C;;;;;;;;;;;;;;;%a% %l% %ce;certification;
declaration;AOC;AOC_ALSACE;;TRANQ;AOC Alsace Grands Crus;GRDCRU;;;Hengst;09;;;Muscat;MU;;L387;Vins Tranquilles;3,75;2015-08-01;G;5;2015-08-01;C;;;;;;;;;;;;;;;%a% %l% %ce;certification;
declaration;AOC;AOC_ALSACE;;TRANQ;AOC Alsace Grands Crus;GRDCRU;;;Hengst;09;;;Gewurztraminer;GW;;L387;Vins Tranquilles;3,75;2015-08-01;G;5;2015-08-01;C;;;;;;;;;;;;;;;%a% %l% %ce;certification;
declaration;AOC;AOC_ALSACE;;TRANQ;AOC Alsace Grands Crus;GRDCRU;;;Kaefferkopf;51;;;Assemblage;ED;;L387;Vins Tranquilles;3,75;2015-08-01;G;5;2015-08-01;C;;;;;;;;;;;;;;;%a% %l% %ce;certification;
declaration;AOC;AOC_ALSACE;;TRANQ;AOC Alsace Grands Crus;GRDCRU;;;Kaefferkopf;51;;;Riesling;RI;;L387;Vins Tranquilles;3,75;2015-08-01;G;5;2015-08-01;C;;;;;;;;;;;;;;;%a% %l% %ce;certification;
declaration;AOC;AOC_ALSACE;;TRANQ;AOC Alsace Grands Crus;GRDCRU;;;Kaefferkopf;51;;;Pinot Gris;PG;;L387;Vins Tranquilles;3,75;2015-08-01;G;5;2015-08-01;C;;;;;;;;;;;;;;;%a% %l% %ce;certification;
declaration;AOC;AOC_ALSACE;;TRANQ;AOC Alsace Grands Crus;GRDCRU;;;Kaefferkopf;51;;;Gewurztraminer;GW;;L387;Vins Tranquilles;3,75;2015-08-01;G;5;2015-08-01;C;;;;;;;;;;;;;;;%a% %l% %ce;certification;
declaration;AOC;AOC_ALSACE;;TRANQ;AOC Alsace Grands Crus;GRDCRU;;;Kanzlerberg;10;;;Riesling;RI;;L387;Vins Tranquilles;3,75;2015-08-01;G;5;2015-08-01;C;;;;;;;;;;;;;;;%a% %l% %ce;certification;
declaration;AOC;AOC_ALSACE;;TRANQ;AOC Alsace Grands Crus;GRDCRU;;;Kanzlerberg;10;;;Pinot Gris;PG;;L387;Vins Tranquilles;3,75;2015-08-01;G;5;2015-08-01;C;;;;;;;;;;;;;;;%a% %l% %ce;certification;
declaration;AOC;AOC_ALSACE;;TRANQ;AOC Alsace Grands Crus;GRDCRU;;;Kanzlerberg;10;;;Muscat;MU;;L387;Vins Tranquilles;3,75;2015-08-01;G;5;2015-08-01;C;;;;;;;;;;;;;;;%a% %l% %ce;certification;
declaration;AOC;AOC_ALSACE;;TRANQ;AOC Alsace Grands Crus;GRDCRU;;;Kanzlerberg;10;;;Gewurztraminer;GW;;L387;Vins Tranquilles;3,75;2015-08-01;G;5;2015-08-01;C;;;;;;;;;;;;;;;%a% %l% %ce;certification;
declaration;AOC;AOC_ALSACE;;TRANQ;AOC Alsace Grands Crus;GRDCRU;;;Kastelberg;11;;;Riesling;RI;;L387;Vins Tranquilles;3,75;2015-08-01;G;5;2015-08-01;C;;;;;;;;;;;;;;;%a% %l% %ce;certification;
declaration;AOC;AOC_ALSACE;;TRANQ;AOC Alsace Grands Crus;GRDCRU;;;Kastelberg;11;;;Pinot Gris;PG;;L387;Vins Tranquilles;3,75;2015-08-01;G;5;2015-08-01;C;;;;;;;;;;;;;;;%a% %l% %ce;certification;
declaration;AOC;AOC_ALSACE;;TRANQ;AOC Alsace Grands Crus;GRDCRU;;;Kastelberg;11;;;Muscat;MU;;L387;Vins Tranquilles;3,75;2015-08-01;G;5;2015-08-01;C;;;;;;;;;;;;;;;%a% %l% %ce;certification;
declaration;AOC;AOC_ALSACE;;TRANQ;AOC Alsace Grands Crus;GRDCRU;;;Kastelberg;11;;;Gewurztraminer;GW;;L387;Vins Tranquilles;3,75;2015-08-01;G;5;2015-08-01;C;;;;;;;;;;;;;;;%a% %l% %ce;certification;
declaration;AOC;AOC_ALSACE;;TRANQ;AOC Alsace Grands Crus;GRDCRU;;;Kessler;12;;;Riesling;RI;;L387;Vins Tranquilles;3,75;2015-08-01;G;5;2015-08-01;C;;;;;;;;;;;;;;;%a% %l% %ce;certification;
declaration;AOC;AOC_ALSACE;;TRANQ;AOC Alsace Grands Crus;GRDCRU;;;Kessler;12;;;Pinot Gris;PG;;L387;Vins Tranquilles;3,75;2015-08-01;G;5;2015-08-01;C;;;;;;;;;;;;;;;%a% %l% %ce;certification;
declaration;AOC;AOC_ALSACE;;TRANQ;AOC Alsace Grands Crus;GRDCRU;;;Kessler;12;;;Muscat;MU;;L387;Vins Tranquilles;3,75;2015-08-01;G;5;2015-08-01;C;;;;;;;;;;;;;;;%a% %l% %ce;certification;
declaration;AOC;AOC_ALSACE;;TRANQ;AOC Alsace Grands Crus;GRDCRU;;;Kessler;12;;;Gewurztraminer;GW;;L387;Vins Tranquilles;3,75;2015-08-01;G;5;2015-08-01;C;;;;;;;;;;;;;;;%a% %l% %ce;certification;
declaration;AOC;AOC_ALSACE;;TRANQ;AOC Alsace Grands Crus;GRDCRU;;;Kirchberg de Barr;13;;;Riesling;RI;;L387;Vins Tranquilles;3,75;2015-08-01;G;5;2015-08-01;C;;;;;;;;;;;;;;;%a% %l% %ce;certification;
declaration;AOC;AOC_ALSACE;;TRANQ;AOC Alsace Grands Crus;GRDCRU;;;Kirchberg de Barr;13;;;Pinot Gris;PG;;L387;Vins Tranquilles;3,75;2015-08-01;G;5;2015-08-01;C;;;;;;;;;;;;;;;%a% %l% %ce;certification;
declaration;AOC;AOC_ALSACE;;TRANQ;AOC Alsace Grands Crus;GRDCRU;;;Kirchberg de Barr;13;;;Muscat;MU;;L387;Vins Tranquilles;3,75;2015-08-01;G;5;2015-08-01;C;;;;;;;;;;;;;;;%a% %l% %ce;certification;
declaration;AOC;AOC_ALSACE;;TRANQ;AOC Alsace Grands Crus;GRDCRU;;;Kirchberg de Barr;13;;;Gewurztraminer;GW;;L387;Vins Tranquilles;3,75;2015-08-01;G;5;2015-08-01;C;;;;;;;;;;;;;;;%a% %l% %ce;certification;
declaration;AOC;AOC_ALSACE;;TRANQ;AOC Alsace Grands Crus;GRDCRU;;;Kirchberg de Ribeauvillé;14;;;Riesling;RI;;L387;Vins Tranquilles;3,75;2015-08-01;G;5;2015-08-01;C;;;;;;;;;;;;;;;%a% %l% %ce;certification;
declaration;AOC;AOC_ALSACE;;TRANQ;AOC Alsace Grands Crus;GRDCRU;;;Kirchberg de Ribeauvillé;14;;;Pinot Gris;PG;;L387;Vins Tranquilles;3,75;2015-08-01;G;5;2015-08-01;C;;;;;;;;;;;;;;;%a% %l% %ce;certification;
declaration;AOC;AOC_ALSACE;;TRANQ;AOC Alsace Grands Crus;GRDCRU;;;Kirchberg de Ribeauvillé;14;;;Muscat;MU;;L387;Vins Tranquilles;3,75;2015-08-01;G;5;2015-08-01;C;;;;;;;;;;;;;;;%a% %l% %ce;certification;
declaration;AOC;AOC_ALSACE;;TRANQ;AOC Alsace Grands Crus;GRDCRU;;;Kirchberg de Ribeauvillé;14;;;Gewurztraminer;GW;;L387;Vins Tranquilles;3,75;2015-08-01;G;5;2015-08-01;C;;;;;;;;;;;;;;;%a% %l% %ce;certification;
declaration;AOC;AOC_ALSACE;;TRANQ;AOC Alsace Grands Crus;GRDCRU;;;Kitterlé;15;;;Riesling;RI;;L387;Vins Tranquilles;3,75;2015-08-01;G;5;2015-08-01;C;;;;;;;;;;;;;;;%a% %l% %ce;certification;
declaration;AOC;AOC_ALSACE;;TRANQ;AOC Alsace Grands Crus;GRDCRU;;;Kitterlé;15;;;Pinot Gris;PG;;L387;Vins Tranquilles;3,75;2015-08-01;G;5;2015-08-01;C;;;;;;;;;;;;;;;%a% %l% %ce;certification;
declaration;AOC;AOC_ALSACE;;TRANQ;AOC Alsace Grands Crus;GRDCRU;;;Kitterlé;15;;;Muscat;MU;;L387;Vins Tranquilles;3,75;2015-08-01;G;5;2015-08-01;C;;;;;;;;;;;;;;;%a% %l% %ce;certification;
declaration;AOC;AOC_ALSACE;;TRANQ;AOC Alsace Grands Crus;GRDCRU;;;Kitterlé;15;;;Gewurztraminer;GW;;L387;Vins Tranquilles;3,75;2015-08-01;G;5;2015-08-01;C;;;;;;;;;;;;;;;%a% %l% %ce;certification;
declaration;AOC;AOC_ALSACE;;TRANQ;AOC Alsace Grands Crus;GRDCRU;;;Mambourg;30;;;Riesling;RI;;L387;Vins Tranquilles;3,75;2015-08-01;G;5;2015-08-01;C;;;;;;;;;;;;;;;%a% %l% %ce;certification;
declaration;AOC;AOC_ALSACE;;TRANQ;AOC Alsace Grands Crus;GRDCRU;;;Mambourg;30;;;Pinot Gris;PG;;L387;Vins Tranquilles;3,75;2015-08-01;G;5;2015-08-01;C;;;;;;;;;;;;;;;%a% %l% %ce;certification;
declaration;AOC;AOC_ALSACE;;TRANQ;AOC Alsace Grands Crus;GRDCRU;;;Mambourg;30;;;Muscat;MU;;L387;Vins Tranquilles;3,75;2015-08-01;G;5;2015-08-01;C;;;;;;;;;;;;;;;%a% %l% %ce;certification;
declaration;AOC;AOC_ALSACE;;TRANQ;AOC Alsace Grands Crus;GRDCRU;;;Mambourg;30;;;Gewurztraminer;GW;;L387;Vins Tranquilles;3,75;2015-08-01;G;5;2015-08-01;C;;;;;;;;;;;;;;;%a% %l% %ce;certification;
declaration;AOC;AOC_ALSACE;;TRANQ;AOC Alsace Grands Crus;GRDCRU;;;Mandelberg;31;;;Riesling;RI;;L387;Vins Tranquilles;3,75;2015-08-01;G;5;2015-08-01;C;;;;;;;;;;;;;;;%a% %l% %ce;certification;
declaration;AOC;AOC_ALSACE;;TRANQ;AOC Alsace Grands Crus;GRDCRU;;;Mandelberg;31;;;Pinot Gris;PG;;L387;Vins Tranquilles;3,75;2015-08-01;G;5;2015-08-01;C;;;;;;;;;;;;;;;%a% %l% %ce;certification;
declaration;AOC;AOC_ALSACE;;TRANQ;AOC Alsace Grands Crus;GRDCRU;;;Mandelberg;31;;;Muscat;MU;;L387;Vins Tranquilles;3,75;2015-08-01;G;5;2015-08-01;C;;;;;;;;;;;;;;;%a% %l% %ce;certification;
declaration;AOC;AOC_ALSACE;;TRANQ;AOC Alsace Grands Crus;GRDCRU;;;Mandelberg;31;;;Gewurztraminer;GW;;L387;Vins Tranquilles;3,75;2015-08-01;G;5;2015-08-01;C;;;;;;;;;;;;;;;%a% %l% %ce;certification;
declaration;AOC;AOC_ALSACE;;TRANQ;AOC Alsace Grands Crus;GRDCRU;;;Marckrain;32;;;Riesling;RI;;L387;Vins Tranquilles;3,75;2015-08-01;G;5;2015-08-01;C;;;;;;;;;;;;;;;%a% %l% %ce;certification;
declaration;AOC;AOC_ALSACE;;TRANQ;AOC Alsace Grands Crus;GRDCRU;;;Marckrain;32;;;Pinot Gris;PG;;L387;Vins Tranquilles;3,75;2015-08-01;G;5;2015-08-01;C;;;;;;;;;;;;;;;%a% %l% %ce;certification;
declaration;AOC;AOC_ALSACE;;TRANQ;AOC Alsace Grands Crus;GRDCRU;;;Marckrain;32;;;Muscat;MU;;L387;Vins Tranquilles;3,75;2015-08-01;G;5;2015-08-01;C;;;;;;;;;;;;;;;%a% %l% %ce;certification;
declaration;AOC;AOC_ALSACE;;TRANQ;AOC Alsace Grands Crus;GRDCRU;;;Marckrain;32;;;Gewurztraminer;GW;;L387;Vins Tranquilles;3,75;2015-08-01;G;5;2015-08-01;C;;;;;;;;;;;;;;;%a% %l% %ce;certification;
declaration;AOC;AOC_ALSACE;;TRANQ;AOC Alsace Grands Crus;GRDCRU;;;Moenchberg;16;;;Riesling;RI;;L387;Vins Tranquilles;3,75;2015-08-01;G;5;2015-08-01;C;;;;;;;;;;;;;;;%a% %l% %ce;certification;
declaration;AOC;AOC_ALSACE;;TRANQ;AOC Alsace Grands Crus;GRDCRU;;;Moenchberg;16;;;Pinot Gris;PG;;L387;Vins Tranquilles;3,75;2015-08-01;G;5;2015-08-01;C;;;;;;;;;;;;;;;%a% %l% %ce;certification;
declaration;AOC;AOC_ALSACE;;TRANQ;AOC Alsace Grands Crus;GRDCRU;;;Moenchberg;16;;;Muscat;MU;;L387;Vins Tranquilles;3,75;2015-08-01;G;5;2015-08-01;C;;;;;;;;;;;;;;;%a% %l% %ce;certification;
declaration;AOC;AOC_ALSACE;;TRANQ;AOC Alsace Grands Crus;GRDCRU;;;Moenchberg;16;;;Gewurztraminer;GW;;L387;Vins Tranquilles;3,75;2015-08-01;G;5;2015-08-01;C;;;;;;;;;;;;;;;%a% %l% %ce;certification;
declaration;AOC;AOC_ALSACE;;TRANQ;AOC Alsace Grands Crus;GRDCRU;;;Muenchberg;33;;;Riesling;RI;;L387;Vins Tranquilles;3,75;2015-08-01;G;5;2015-08-01;C;;;;;;;;;;;;;;;%a% %l% %ce;certification;
declaration;AOC;AOC_ALSACE;;TRANQ;AOC Alsace Grands Crus;GRDCRU;;;Muenchberg;33;;;Pinot Gris;PG;;L387;Vins Tranquilles;3,75;2015-08-01;G;5;2015-08-01;C;;;;;;;;;;;;;;;%a% %l% %ce;certification;
declaration;AOC;AOC_ALSACE;;TRANQ;AOC Alsace Grands Crus;GRDCRU;;;Muenchberg;33;;;Muscat;MU;;L387;Vins Tranquilles;3,75;2015-08-01;G;5;2015-08-01;C;;;;;;;;;;;;;;;%a% %l% %ce;certification;
declaration;AOC;AOC_ALSACE;;TRANQ;AOC Alsace Grands Crus;GRDCRU;;;Muenchberg;33;;;Gewurztraminer;GW;;L387;Vins Tranquilles;3,75;2015-08-01;G;5;2015-08-01;C;;;;;;;;;;;;;;;%a% %l% %ce;certification;
declaration;AOC;AOC_ALSACE;;TRANQ;AOC Alsace Grands Crus;GRDCRU;;;Ollwiller;17;;;Riesling;RI;;L387;Vins Tranquilles;3,75;2015-08-01;G;5;2015-08-01;C;;;;;;;;;;;;;;;%a% %l% %ce;certification;
declaration;AOC;AOC_ALSACE;;TRANQ;AOC Alsace Grands Crus;GRDCRU;;;Ollwiller;17;;;Pinot Gris;PG;;L387;Vins Tranquilles;3,75;2015-08-01;G;5;2015-08-01;C;;;;;;;;;;;;;;;%a% %l% %ce;certification;
declaration;AOC;AOC_ALSACE;;TRANQ;AOC Alsace Grands Crus;GRDCRU;;;Ollwiller;17;;;Muscat;MU;;L387;Vins Tranquilles;3,75;2015-08-01;G;5;2015-08-01;C;;;;;;;;;;;;;;;%a% %l% %ce;certification;
declaration;AOC;AOC_ALSACE;;TRANQ;AOC Alsace Grands Crus;GRDCRU;;;Ollwiller;17;;;Gewurztraminer;GW;;L387;Vins Tranquilles;3,75;2015-08-01;G;5;2015-08-01;C;;;;;;;;;;;;;;;%a% %l% %ce;certification;
declaration;AOC;AOC_ALSACE;;TRANQ;AOC Alsace Grands Crus;GRDCRU;;;Osterberg;34;;;Riesling;RI;;L387;Vins Tranquilles;3,75;2015-08-01;G;5;2015-08-01;C;;;;;;;;;;;;;;;%a% %l% %ce;certification;
declaration;AOC;AOC_ALSACE;;TRANQ;AOC Alsace Grands Crus;GRDCRU;;;Osterberg;34;;;Pinot Gris;PG;;L387;Vins Tranquilles;3,75;2015-08-01;G;5;2015-08-01;C;;;;;;;;;;;;;;;%a% %l% %ce;certification;
declaration;AOC;AOC_ALSACE;;TRANQ;AOC Alsace Grands Crus;GRDCRU;;;Osterberg;34;;;Muscat;MU;;L387;Vins Tranquilles;3,75;2015-08-01;G;5;2015-08-01;C;;;;;;;;;;;;;;;%a% %l% %ce;certification;
declaration;AOC;AOC_ALSACE;;TRANQ;AOC Alsace Grands Crus;GRDCRU;;;Osterberg;34;;;Gewurztraminer;GW;;L387;Vins Tranquilles;3,75;2015-08-01;G;5;2015-08-01;C;;;;;;;;;;;;;;;%a% %l% %ce;certification;
declaration;AOC;AOC_ALSACE;;TRANQ;AOC Alsace Grands Crus;GRDCRU;;;Pfersigberg;35;;;Riesling;RI;;L387;Vins Tranquilles;3,75;2015-08-01;G;5;2015-08-01;C;;;;;;;;;;;;;;;%a% %l% %ce;certification;
declaration;AOC;AOC_ALSACE;;TRANQ;AOC Alsace Grands Crus;GRDCRU;;;Pfersigberg;35;;;Pinot Gris;PG;;L387;Vins Tranquilles;3,75;2015-08-01;G;5;2015-08-01;C;;;;;;;;;;;;;;;%a% %l% %ce;certification;
declaration;AOC;AOC_ALSACE;;TRANQ;AOC Alsace Grands Crus;GRDCRU;;;Pfersigberg;35;;;Muscat;MU;;L387;Vins Tranquilles;3,75;2015-08-01;G;5;2015-08-01;C;;;;;;;;;;;;;;;%a% %l% %ce;certification;
declaration;AOC;AOC_ALSACE;;TRANQ;AOC Alsace Grands Crus;GRDCRU;;;Pfersigberg;35;;;Gewurztraminer;GW;;L387;Vins Tranquilles;3,75;2015-08-01;G;5;2015-08-01;C;;;;;;;;;;;;;;;%a% %l% %ce;certification;
declaration;AOC;AOC_ALSACE;;TRANQ;AOC Alsace Grands Crus;GRDCRU;;;Pfingstberg;36;;;Riesling;RI;;L387;Vins Tranquilles;3,75;2015-08-01;G;5;2015-08-01;C;;;;;;;;;;;;;;;%a% %l% %ce;certification;
declaration;AOC;AOC_ALSACE;;TRANQ;AOC Alsace Grands Crus;GRDCRU;;;Pfingstberg;36;;;Pinot Gris;PG;;L387;Vins Tranquilles;3,75;2015-08-01;G;5;2015-08-01;C;;;;;;;;;;;;;;;%a% %l% %ce;certification;
declaration;AOC;AOC_ALSACE;;TRANQ;AOC Alsace Grands Crus;GRDCRU;;;Pfingstberg;36;;;Muscat;MU;;L387;Vins Tranquilles;3,75;2015-08-01;G;5;2015-08-01;C;;;;;;;;;;;;;;;%a% %l% %ce;certification;
declaration;AOC;AOC_ALSACE;;TRANQ;AOC Alsace Grands Crus;GRDCRU;;;Pfingstberg;36;;;Gewurztraminer;GW;;L387;Vins Tranquilles;3,75;2015-08-01;G;5;2015-08-01;C;;;;;;;;;;;;;;;%a% %l% %ce;certification;
declaration;AOC;AOC_ALSACE;;TRANQ;AOC Alsace Grands Crus;GRDCRU;;;Praelatenberg;37;;;Riesling;RI;;L387;Vins Tranquilles;3,75;2015-08-01;G;5;2015-08-01;C;;;;;;;;;;;;;;;%a% %l% %ce;certification;
declaration;AOC;AOC_ALSACE;;TRANQ;AOC Alsace Grands Crus;GRDCRU;;;Praelatenberg;37;;;Pinot Gris;PG;;L387;Vins Tranquilles;3,75;2015-08-01;G;5;2015-08-01;C;;;;;;;;;;;;;;;%a% %l% %ce;certification;
declaration;AOC;AOC_ALSACE;;TRANQ;AOC Alsace Grands Crus;GRDCRU;;;Praelatenberg;37;;;Muscat;MU;;L387;Vins Tranquilles;3,75;2015-08-01;G;5;2015-08-01;C;;;;;;;;;;;;;;;%a% %l% %ce;certification;
declaration;AOC;AOC_ALSACE;;TRANQ;AOC Alsace Grands Crus;GRDCRU;;;Praelatenberg;37;;;Gewurztraminer;GW;;L387;Vins Tranquilles;3,75;2015-08-01;G;5;2015-08-01;C;;;;;;;;;;;;;;;%a% %l% %ce;certification;
declaration;AOC;AOC_ALSACE;;TRANQ;AOC Alsace Grands Crus;GRDCRU;;;Rangen;18;;;Riesling;RI;;L387;Vins Tranquilles;3,75;2015-08-01;G;5;2015-08-01;C;;;;;;;;;;;;;;;%a% %l% %ce;certification;
declaration;AOC;AOC_ALSACE;;TRANQ;AOC Alsace Grands Crus;GRDCRU;;;Rangen;18;;;Pinot Gris;PG;;L387;Vins Tranquilles;3,75;2015-08-01;G;5;2015-08-01;C;;;;;;;;;;;;;;;%a% %l% %ce;certification;
declaration;AOC;AOC_ALSACE;;TRANQ;AOC Alsace Grands Crus;GRDCRU;;;Rangen;18;;;Muscat;MU;;L387;Vins Tranquilles;3,75;2015-08-01;G;5;2015-08-01;C;;;;;;;;;;;;;;;%a% %l% %ce;certification;
declaration;AOC;AOC_ALSACE;;TRANQ;AOC Alsace Grands Crus;GRDCRU;;;Rangen;18;;;Gewurztraminer;GW;;L387;Vins Tranquilles;3,75;2015-08-01;G;5;2015-08-01;C;;;;;;;;;;;;;;;%a% %l% %ce;certification;
declaration;AOC;AOC_ALSACE;;TRANQ;AOC Alsace Grands Crus;GRDCRU;;;Rosacker;19;;;Riesling;RI;;L387;Vins Tranquilles;3,75;2015-08-01;G;5;2015-08-01;C;;;;;;;;;;;;;;;%a% %l% %ce;certification;
declaration;AOC;AOC_ALSACE;;TRANQ;AOC Alsace Grands Crus;GRDCRU;;;Rosacker;19;;;Pinot Gris;PG;;L387;Vins Tranquilles;3,75;2015-08-01;G;5;2015-08-01;C;;;;;;;;;;;;;;;%a% %l% %ce;certification;
declaration;AOC;AOC_ALSACE;;TRANQ;AOC Alsace Grands Crus;GRDCRU;;;Rosacker;19;;;Muscat;MU;;L387;Vins Tranquilles;3,75;2015-08-01;G;5;2015-08-01;C;;;;;;;;;;;;;;;%a% %l% %ce;certification;
declaration;AOC;AOC_ALSACE;;TRANQ;AOC Alsace Grands Crus;GRDCRU;;;Rosacker;19;;;Gewurztraminer;GW;;L387;Vins Tranquilles;3,75;2015-08-01;G;5;2015-08-01;C;;;;;;;;;;;;;;;%a% %l% %ce;certification;
declaration;AOC;AOC_ALSACE;;TRANQ;AOC Alsace Grands Crus;GRDCRU;;;Saering;20;;;Riesling;RI;;L387;Vins Tranquilles;3,75;2015-08-01;G;5;2015-08-01;C;;;;;;;;;;;;;;;%a% %l% %ce;certification;
declaration;AOC;AOC_ALSACE;;TRANQ;AOC Alsace Grands Crus;GRDCRU;;;Saering;20;;;Pinot Gris;PG;;L387;Vins Tranquilles;3,75;2015-08-01;G;5;2015-08-01;C;;;;;;;;;;;;;;;%a% %l% %ce;certification;
declaration;AOC;AOC_ALSACE;;TRANQ;AOC Alsace Grands Crus;GRDCRU;;;Saering;20;;;Muscat;MU;;L387;Vins Tranquilles;3,75;2015-08-01;G;5;2015-08-01;C;;;;;;;;;;;;;;;%a% %l% %ce;certification;
declaration;AOC;AOC_ALSACE;;TRANQ;AOC Alsace Grands Crus;GRDCRU;;;Saering;20;;;Gewurztraminer;GW;;L387;Vins Tranquilles;3,75;2015-08-01;G;5;2015-08-01;C;;;;;;;;;;;;;;;%a% %l% %ce;certification;
declaration;AOC;AOC_ALSACE;;TRANQ;AOC Alsace Grands Crus;GRDCRU;;;Schlossberg;21;;;Riesling;RI;;L387;Vins Tranquilles;3,75;2015-08-01;G;5;2015-08-01;C;;;;;;;;;;;;;;;%a% %l% %ce;certification;
declaration;AOC;AOC_ALSACE;;TRANQ;AOC Alsace Grands Crus;GRDCRU;;;Schlossberg;21;;;Pinot Gris;PG;;L387;Vins Tranquilles;3,75;2015-08-01;G;5;2015-08-01;C;;;;;;;;;;;;;;;%a% %l% %ce;certification;
declaration;AOC;AOC_ALSACE;;TRANQ;AOC Alsace Grands Crus;GRDCRU;;;Schlossberg;21;;;Muscat;MU;;L387;Vins Tranquilles;3,75;2015-08-01;G;5;2015-08-01;C;;;;;;;;;;;;;;;%a% %l% %ce;certification;
declaration;AOC;AOC_ALSACE;;TRANQ;AOC Alsace Grands Crus;GRDCRU;;;Schlossberg;21;;;Gewurztraminer;GW;;L387;Vins Tranquilles;3,75;2015-08-01;G;5;2015-08-01;C;;;;;;;;;;;;;;;%a% %l% %ce;certification;
declaration;AOC;AOC_ALSACE;;TRANQ;AOC Alsace Grands Crus;GRDCRU;;;Schoenenbourg;38;;;Riesling;RI;;L387;Vins Tranquilles;3,75;2015-08-01;G;5;2015-08-01;C;;;;;;;;;;;;;;;%a% %l% %ce;certification;
declaration;AOC;AOC_ALSACE;;TRANQ;AOC Alsace Grands Crus;GRDCRU;;;Schoenenbourg;38;;;Pinot Gris;PG;;L387;Vins Tranquilles;3,75;2015-08-01;G;5;2015-08-01;C;;;;;;;;;;;;;;;%a% %l% %ce;certification;
declaration;AOC;AOC_ALSACE;;TRANQ;AOC Alsace Grands Crus;GRDCRU;;;Schoenenbourg;38;;;Muscat;MU;;L387;Vins Tranquilles;3,75;2015-08-01;G;5;2015-08-01;C;;;;;;;;;;;;;;;%a% %l% %ce;certification;
declaration;AOC;AOC_ALSACE;;TRANQ;AOC Alsace Grands Crus;GRDCRU;;;Schoenenbourg;38;;;Gewurztraminer;GW;;L387;Vins Tranquilles;3,75;2015-08-01;G;5;2015-08-01;C;;;;;;;;;;;;;;;%a% %l% %ce;certification;
declaration;AOC;AOC_ALSACE;;TRANQ;AOC Alsace Grands Crus;GRDCRU;;;Sommerberg;22;;;Riesling;RI;;L387;Vins Tranquilles;3,75;2015-08-01;G;5;2015-08-01;C;;;;;;;;;;;;;;;%a% %l% %ce;certification;
declaration;AOC;AOC_ALSACE;;TRANQ;AOC Alsace Grands Crus;GRDCRU;;;Sommerberg;22;;;Pinot Gris;PG;;L387;Vins Tranquilles;3,75;2015-08-01;G;5;2015-08-01;C;;;;;;;;;;;;;;;%a% %l% %ce;certification;
declaration;AOC;AOC_ALSACE;;TRANQ;AOC Alsace Grands Crus;GRDCRU;;;Sommerberg;22;;;Muscat;MU;;L387;Vins Tranquilles;3,75;2015-08-01;G;5;2015-08-01;C;;;;;;;;;;;;;;;%a% %l% %ce;certification;
declaration;AOC;AOC_ALSACE;;TRANQ;AOC Alsace Grands Crus;GRDCRU;;;Sommerberg;22;;;Gewurztraminer;GW;;L387;Vins Tranquilles;3,75;2015-08-01;G;5;2015-08-01;C;;;;;;;;;;;;;;;%a% %l% %ce;certification;
declaration;AOC;AOC_ALSACE;;TRANQ;AOC Alsace Grands Crus;GRDCRU;;;Sonnenglanz;23;;;Riesling;RI;;L387;Vins Tranquilles;3,75;2015-08-01;G;5;2015-08-01;C;;;;;;;;;;;;;;;%a% %l% %ce;certification;
declaration;AOC;AOC_ALSACE;;TRANQ;AOC Alsace Grands Crus;GRDCRU;;;Sonnenglanz;23;;;Pinot Gris;PG;;L387;Vins Tranquilles;3,75;2015-08-01;G;5;2015-08-01;C;;;;;;;;;;;;;;;%a% %l% %ce;certification;
declaration;AOC;AOC_ALSACE;;TRANQ;AOC Alsace Grands Crus;GRDCRU;;;Sonnenglanz;23;;;Muscat;MU;;L387;Vins Tranquilles;3,75;2015-08-01;G;5;2015-08-01;C;;;;;;;;;;;;;;;%a% %l% %ce;certification;
declaration;AOC;AOC_ALSACE;;TRANQ;AOC Alsace Grands Crus;GRDCRU;;;Sonnenglanz;23;;;Gewurztraminer;GW;;L387;Vins Tranquilles;3,75;2015-08-01;G;5;2015-08-01;C;;;;;;;;;;;;;;;%a% %l% %ce;certification;
declaration;AOC;AOC_ALSACE;;TRANQ;AOC Alsace Grands Crus;GRDCRU;;;Spiegel;24;;;Riesling;RI;;L387;Vins Tranquilles;3,75;2015-08-01;G;5;2015-08-01;C;;;;;;;;;;;;;;;%a% %l% %ce;certification;
declaration;AOC;AOC_ALSACE;;TRANQ;AOC Alsace Grands Crus;GRDCRU;;;Spiegel;24;;;Pinot Gris;PG;;L387;Vins Tranquilles;3,75;2015-08-01;G;5;2015-08-01;C;;;;;;;;;;;;;;;%a% %l% %ce;certification;
declaration;AOC;AOC_ALSACE;;TRANQ;AOC Alsace Grands Crus;GRDCRU;;;Spiegel;24;;;Muscat;MU;;L387;Vins Tranquilles;3,75;2015-08-01;G;5;2015-08-01;C;;;;;;;;;;;;;;;%a% %l% %ce;certification;
declaration;AOC;AOC_ALSACE;;TRANQ;AOC Alsace Grands Crus;GRDCRU;;;Spiegel;24;;;Gewurztraminer;GW;;L387;Vins Tranquilles;3,75;2015-08-01;G;5;2015-08-01;C;;;;;;;;;;;;;;;%a% %l% %ce;certification;
declaration;AOC;AOC_ALSACE;;TRANQ;AOC Alsace Grands Crus;GRDCRU;;;Sporen;39;;;Riesling;RI;;L387;Vins Tranquilles;3,75;2015-08-01;G;5;2015-08-01;C;;;;;;;;;;;;;;;%a% %l% %ce;certification;
declaration;AOC;AOC_ALSACE;;TRANQ;AOC Alsace Grands Crus;GRDCRU;;;Sporen;39;;;Pinot Gris;PG;;L387;Vins Tranquilles;3,75;2015-08-01;G;5;2015-08-01;C;;;;;;;;;;;;;;;%a% %l% %ce;certification;
declaration;AOC;AOC_ALSACE;;TRANQ;AOC Alsace Grands Crus;GRDCRU;;;Sporen;39;;;Muscat;MU;;L387;Vins Tranquilles;3,75;2015-08-01;G;5;2015-08-01;C;;;;;;;;;;;;;;;%a% %l% %ce;certification;
declaration;AOC;AOC_ALSACE;;TRANQ;AOC Alsace Grands Crus;GRDCRU;;;Sporen;39;;;Gewurztraminer;GW;;L387;Vins Tranquilles;3,75;2015-08-01;G;5;2015-08-01;C;;;;;;;;;;;;;;;%a% %l% %ce;certification;
declaration;AOC;AOC_ALSACE;;TRANQ;AOC Alsace Grands Crus;GRDCRU;;;Steinert;40;;;Riesling;RI;;L387;Vins Tranquilles;3,75;2015-08-01;G;5;2015-08-01;C;;;;;;;;;;;;;;;%a% %l% %ce;certification;
declaration;AOC;AOC_ALSACE;;TRANQ;AOC Alsace Grands Crus;GRDCRU;;;Steinert;40;;;Pinot Gris;PG;;L387;Vins Tranquilles;3,75;2015-08-01;G;5;2015-08-01;C;;;;;;;;;;;;;;;%a% %l% %ce;certification;
declaration;AOC;AOC_ALSACE;;TRANQ;AOC Alsace Grands Crus;GRDCRU;;;Steinert;40;;;Muscat;MU;;L387;Vins Tranquilles;3,75;2015-08-01;G;5;2015-08-01;C;;;;;;;;;;;;;;;%a% %l% %ce;certification;
declaration;AOC;AOC_ALSACE;;TRANQ;AOC Alsace Grands Crus;GRDCRU;;;Steinert;40;;;Gewurztraminer;GW;;L387;Vins Tranquilles;3,75;2015-08-01;G;5;2015-08-01;C;;;;;;;;;;;;;;;%a% %l% %ce;certification;
declaration;AOC;AOC_ALSACE;;TRANQ;AOC Alsace Grands Crus;GRDCRU;;;Steingrubler;41;;;Riesling;RI;;L387;Vins Tranquilles;3,75;2015-08-01;G;5;2015-08-01;C;;;;;;;;;;;;;;;%a% %l% %ce;certification;
declaration;AOC;AOC_ALSACE;;TRANQ;AOC Alsace Grands Crus;GRDCRU;;;Steingrubler;41;;;Pinot Gris;PG;;L387;Vins Tranquilles;3,75;2015-08-01;G;5;2015-08-01;C;;;;;;;;;;;;;;;%a% %l% %ce;certification;
declaration;AOC;AOC_ALSACE;;TRANQ;AOC Alsace Grands Crus;GRDCRU;;;Steingrubler;41;;;Muscat;MU;;L387;Vins Tranquilles;3,75;2015-08-01;G;5;2015-08-01;C;;;;;;;;;;;;;;;%a% %l% %ce;certification;
declaration;AOC;AOC_ALSACE;;TRANQ;AOC Alsace Grands Crus;GRDCRU;;;Steingrubler;41;;;Gewurztraminer;GW;;L387;Vins Tranquilles;3,75;2015-08-01;G;5;2015-08-01;C;;;;;;;;;;;;;;;%a% %l% %ce;certification;
declaration;AOC;AOC_ALSACE;;TRANQ;AOC Alsace Grands Crus;GRDCRU;;;Steinklotz;42;;;Riesling;RI;;L387;Vins Tranquilles;3,75;2015-08-01;G;5;2015-08-01;C;;;;;;;;;;;;;;;%a% %l% %ce;certification;
declaration;AOC;AOC_ALSACE;;TRANQ;AOC Alsace Grands Crus;GRDCRU;;;Steinklotz;42;;;Pinot Gris;PG;;L387;Vins Tranquilles;3,75;2015-08-01;G;5;2015-08-01;C;;;;;;;;;;;;;;;%a% %l% %ce;certification;
declaration;AOC;AOC_ALSACE;;TRANQ;AOC Alsace Grands Crus;GRDCRU;;;Steinklotz;42;;;Muscat;MU;;L387;Vins Tranquilles;3,75;2015-08-01;G;5;2015-08-01;C;;;;;;;;;;;;;;;%a% %l% %ce;certification;
declaration;AOC;AOC_ALSACE;;TRANQ;AOC Alsace Grands Crus;GRDCRU;;;Steinklotz;42;;;Gewurztraminer;GW;;L387;Vins Tranquilles;3,75;2015-08-01;G;5;2015-08-01;C;;;;;;;;;;;;;;;%a% %l% %ce;certification;
declaration;AOC;AOC_ALSACE;;TRANQ;AOC Alsace Grands Crus;GRDCRU;;;Vorbourg;43;;;Riesling;RI;;L387;Vins Tranquilles;3,75;2015-08-01;G;5;2015-08-01;C;;;;;;;;;;;;;;;%a% %l% %ce;certification;
declaration;AOC;AOC_ALSACE;;TRANQ;AOC Alsace Grands Crus;GRDCRU;;;Vorbourg;43;;;Pinot Gris;PG;;L387;Vins Tranquilles;3,75;2015-08-01;G;5;2015-08-01;C;;;;;;;;;;;;;;;%a% %l% %ce;certification;
declaration;AOC;AOC_ALSACE;;TRANQ;AOC Alsace Grands Crus;GRDCRU;;;Vorbourg;43;;;Muscat;MU;;L387;Vins Tranquilles;3,75;2015-08-01;G;5;2015-08-01;C;;;;;;;;;;;;;;;%a% %l% %ce;certification;
declaration;AOC;AOC_ALSACE;;TRANQ;AOC Alsace Grands Crus;GRDCRU;;;Vorbourg;43;;;Gewurztraminer;GW;;L387;Vins Tranquilles;3,75;2015-08-01;G;5;2015-08-01;C;;;;;;;;;;;;;;;%a% %l% %ce;certification;
declaration;AOC;AOC_ALSACE;;TRANQ;AOC Alsace Grands Crus;GRDCRU;;;Wiebelsberg;25;;;Riesling;RI;;L387;Vins Tranquilles;3,75;2015-08-01;G;5;2015-08-01;C;;;;;;;;;;;;;;;%a% %l% %ce;certification;
declaration;AOC;AOC_ALSACE;;TRANQ;AOC Alsace Grands Crus;GRDCRU;;;Wiebelsberg;25;;;Pinot Gris;PG;;L387;Vins Tranquilles;3,75;2015-08-01;G;5;2015-08-01;C;;;;;;;;;;;;;;;%a% %l% %ce;certification;
declaration;AOC;AOC_ALSACE;;TRANQ;AOC Alsace Grands Crus;GRDCRU;;;Wiebelsberg;25;;;Muscat;MU;;L387;Vins Tranquilles;3,75;2015-08-01;G;5;2015-08-01;C;;;;;;;;;;;;;;;%a% %l% %ce;certification;
declaration;AOC;AOC_ALSACE;;TRANQ;AOC Alsace Grands Crus;GRDCRU;;;Wiebelsberg;25;;;Gewurztraminer;GW;;L387;Vins Tranquilles;3,75;2015-08-01;G;5;2015-08-01;C;;;;;;;;;;;;;;;%a% %l% %ce;certification;
declaration;AOC;AOC_ALSACE;;TRANQ;AOC Alsace Grands Crus;GRDCRU;;;Wineck-Schlossberg;44;;;Riesling;RI;;L387;Vins Tranquilles;3,75;2015-08-01;G;5;2015-08-01;C;;;;;;;;;;;;;;;%a% %l% %ce;certification;
declaration;AOC;AOC_ALSACE;;TRANQ;AOC Alsace Grands Crus;GRDCRU;;;Wineck-Schlossberg;44;;;Pinot Gris;PG;;L387;Vins Tranquilles;3,75;2015-08-01;G;5;2015-08-01;C;;;;;;;;;;;;;;;%a% %l% %ce;certification;
declaration;AOC;AOC_ALSACE;;TRANQ;AOC Alsace Grands Crus;GRDCRU;;;Wineck-Schlossberg;44;;;Muscat;MU;;L387;Vins Tranquilles;3,75;2015-08-01;G;5;2015-08-01;C;;;;;;;;;;;;;;;%a% %l% %ce;certification;
declaration;AOC;AOC_ALSACE;;TRANQ;AOC Alsace Grands Crus;GRDCRU;;;Wineck-Schlossberg;44;;;Gewurztraminer;GW;;L387;Vins Tranquilles;3,75;2015-08-01;G;5;2015-08-01;C;;;;;;;;;;;;;;;%a% %l% %ce;certification;
declaration;AOC;AOC_ALSACE;;TRANQ;AOC Alsace Grands Crus;GRDCRU;;;Winzenberg;45;;;Riesling;RI;;L387;Vins Tranquilles;3,75;2015-08-01;G;5;2015-08-01;C;;;;;;;;;;;;;;;%a% %l% %ce;certification;
declaration;AOC;AOC_ALSACE;;TRANQ;AOC Alsace Grands Crus;GRDCRU;;;Winzenberg;45;;;Pinot Gris;PG;;L387;Vins Tranquilles;3,75;2015-08-01;G;5;2015-08-01;C;;;;;;;;;;;;;;;%a% %l% %ce;certification;
declaration;AOC;AOC_ALSACE;;TRANQ;AOC Alsace Grands Crus;GRDCRU;;;Winzenberg;45;;;Muscat;MU;;L387;Vins Tranquilles;3,75;2015-08-01;G;5;2015-08-01;C;;;;;;;;;;;;;;;%a% %l% %ce;certification;
declaration;AOC;AOC_ALSACE;;TRANQ;AOC Alsace Grands Crus;GRDCRU;;;Winzenberg;45;;;Gewurztraminer;GW;;L387;Vins Tranquilles;3,75;2015-08-01;G;5;2015-08-01;C;;;;;;;;;;;;;;;%a% %l% %ce;certification;
declaration;AOC;AOC_ALSACE;;TRANQ;AOC Alsace Grands Crus;GRDCRU;;;Zinnkoepflé;46;;;Riesling;RI;;L387;Vins Tranquilles;3,75;2015-08-01;G;5;2015-08-01;C;;;;;;;;;;;;;;;%a% %l% %ce;certification;
declaration;AOC;AOC_ALSACE;;TRANQ;AOC Alsace Grands Crus;GRDCRU;;;Zinnkoepflé;46;;;Pinot Gris;PG;;L387;Vins Tranquilles;3,75;2015-08-01;G;5;2015-08-01;C;;;;;;;;;;;;;;;%a% %l% %ce;certification;
declaration;AOC;AOC_ALSACE;;TRANQ;AOC Alsace Grands Crus;GRDCRU;;;Zinnkoepflé;46;;;Muscat;MU;;L387;Vins Tranquilles;3,75;2015-08-01;G;5;2015-08-01;C;;;;;;;;;;;;;;;%a% %l% %ce;certification;
declaration;AOC;AOC_ALSACE;;TRANQ;AOC Alsace Grands Crus;GRDCRU;;;Zinnkoepflé;46;;;Gewurztraminer;GW;;L387;Vins Tranquilles;3,75;2015-08-01;G;5;2015-08-01;C;;;;;;;;;;;;;;;%a% %l% %ce;certification;
declaration;AOC;AOC_ALSACE;;TRANQ;AOC Alsace Grands Crus;GRDCRU;;;Zotzenberg;47;;;Sylvaner;SY;;L387;Vins Tranquilles;3,75;2015-08-01;G;5;2015-08-01;C;;;;;;;;;;;;;;;%a% %l% %ce;certification;
declaration;AOC;AOC_ALSACE;;TRANQ;AOC Alsace Grands Crus;GRDCRU;;;Zotzenberg;47;;;Riesling;RI;;L387;Vins Tranquilles;3,75;2015-08-01;G;5;2015-08-01;C;;;;;;;;;;;;;;;%a% %l% %ce;certification;
declaration;AOC;AOC_ALSACE;;TRANQ;AOC Alsace Grands Crus;GRDCRU;;;Zotzenberg;47;;;Pinot Gris;PG;;L387;Vins Tranquilles;3,75;2015-08-01;G;5;2015-08-01;C;;;;;;;;;;;;;;;%a% %l% %ce;certification;
declaration;AOC;AOC_ALSACE;;TRANQ;AOC Alsace Grands Crus;GRDCRU;;;Zotzenberg;47;;;Gewurztraminer;GW;;L387;Vins Tranquilles;3,75;2015-08-01;G;5;2015-08-01;C;;;;;;;;;;;;;;;%a% %l% %ce;certification;
declaration;AOC;AOC_ALSACE;;TRANQ;AOC Alsace Pinot noir;PINOTNOIR;;;;;;;Pinot Noir Rosé;PN;;L387;Vins Tranquilles;3,75;2015-08-01;G;5;2015-08-01;C;;;;;;;;;;;;;;;%a% %l% %ce;certification;
declaration;AOC;AOC_ALSACE;;TRANQ;AOC Alsace PN rouge;PINOTNOIRROUGE;;;;;;;Pinot Noir Rouge;PR;;L387;Vins Tranquilles;3,75;2015-08-01;G;5;2015-08-01;C;;;;;;;;;;;;;;;%a% %l% %ce;certification;
declaration;AOC;AOC_ALSACE;;EFF;AOC Crémant d'Alsace;CREMANT;;;;;;;Pinot Blanc;PB;;L385;Vins Mousseux;9,29;2015-08-01;G;5;2015-08-01;C;;;;;;;;;;;;;;;%a% %l% %ce;certification;
declaration;AOC;AOC_ALSACE;;EFF;AOC Crémant d'Alsace;CREMANT;;;;;;;Chardonnay;CD;;L385;Vins Mousseux;9,29;2015-08-01;G;5;2015-08-01;C;;;;;;;;;;;;;;;%a% %l% %ce;certification;
declaration;AOC;AOC_ALSACE;;EFF;AOC Crémant d'Alsace;CREMANT;;;;;;;Pinot Noir Blanc;BN;;L385;Vins Mousseux;9,29;2015-08-01;G;5;2015-08-01;C;;;;;;;;;;;;;;;%a% %l% %ce;certification;
declaration;AOC;AOC_ALSACE;;EFF;AOC Crémant d'Alsace;CREMANT;;;;;;;Riesling;RI;;L385;Vins Mousseux;9,29;2015-08-01;G;5;2015-08-01;C;;;;;;;;;;;;;;;%a% %l% %ce;certification;
declaration;AOC;AOC_ALSACE;;EFF;AOC Crémant d'Alsace;CREMANT;;;;;;;Pinot Gris;PG;;L385;Vins Mousseux;9,29;2015-08-01;G;5;2015-08-01;C;;;;;;;;;;;;;;;%a% %l% %ce;certification;
declaration;AOC;AOC_ALSACE;;EFF;AOC Crémant d'Alsace;CREMANT;;;;;;;Pinot Noir Rosé;PN;;L385;Vins Mousseux;9,29;2015-08-01;G;5;2015-08-01;C;;;;;;;;;;;;;;;%a% %l% %ce;certification;
declaration;AOC;AOC_ALSACE;;EFF;AOC Crémant d'Alsace;CREMANT;;;;;;;Rebêches;RB;;L385;Vins Mousseux;9,29;2015-08-01;G;5;2015-08-01;C;;;;;;;;;;;;;;;%a% %l% %ce;certification;
declaration;AOC;AOC_ALSACE;;EFF;AOC Crémant d'Alsace;CREMANT;;;;;;;Blanc;BL;;L385;Vins Mousseux;9,29;2015-08-01;G;5;2015-08-01;C;;;;;;;;;;;;;;;%a% %l% %ce;certification;
declaration;AOC;AOC_ALSACE;;EFF;AOC Crémant d'Alsace;CREMANT;;;;;;;Rosé;RS;;L385;Vins Mousseux;9,29;2015-08-01;G;5;2015-08-01;C;;;;;;;;;;;;;;;%a% %l% %ce;certification;
declaration;AOC;AOC_HORSALSACE;;EFF;Champagne;CHAMPAGNE;;;;;Blanc;blanc;;;;L385;Vins Mousseux;9,29;2015-08-01;C;0;2015-08-01;C;;;;;;;;;;;1B231S  ;;;%a%;appellation;
declaration;Vins AOP;AOP_HORSALSACE;;TRANQ;France;DEFAUT;;;;;Blanc;blanc;;;;L387;Vins Tranquilles;3,75;2015-08-01;C;0;2015-08-01;C;;;;;;;;;;;1B231S  ;;;%c% %a% %co%;certification;
declaration;Vins AOP;AOP_HORSALSACE;;TRANQ;France;DEFAUT;;;;;Rouge;rouge;;;;L387;Vins Tranquilles;3,75;2015-08-01;C;0;2015-08-01;C;;;;;;;;;;;1B231S  ;;;%c% %a% %co%;certification;
declaration;Vins AOP;AOP_HORSALSACE;;TRANQ;France;DEFAUT;;;;;Rosé;rose;;;;L387;Vins Tranquilles;3,75;2015-08-01;C;0;2015-08-01;C;;;;;;;;;;;1B231S  ;;;%c% %a% %co%;certification;
declaration;Vins AOP;AOP_HORSALSACE;;TRANQ;CEE;CEE;;;;;Blanc;blanc;;;;L387;Vins Tranquilles;3,75;2015-08-01;C;0;2015-08-01;C;;;;;;;;;;;1B231S  ;;;%c% %a% %co%;certification;
declaration;Vins AOP;AOP_HORSALSACE;;TRANQ;CEE;CEE;;;;;Rouge;rouge;;;;L387;Vins Tranquilles;3,75;2015-08-01;C;0;2015-08-01;C;;;;;;;;;;;1B231S  ;;;%c% %a% %co%;certification;
declaration;Vins AOP;AOP_HORSALSACE;;TRANQ;CEE;CEE;;;;;Rosé;rose;;;;L387;Vins Tranquilles;3,75;2015-08-01;C;0;2015-08-01;C;;;;;;;;;;;1B231S  ;;;%c% %a% %co%;certification;
declaration;Vins à IGP;IGP_HORSALSACE;;TRANQ;France;DEFAUT;;;;;Blanc;blanc;;;;L387;Vins Tranquilles;3,75;2015-08-01;C;0;2015-08-01;C;;;;;;;;;;;1B231S  ;;;%c% %a% %co%;certification;
declaration;Vins à IGP;IGP_HORSALSACE;;TRANQ;France;DEFAUT;;;;;Rouge;rouge;;;;L387;Vins Tranquilles;3,75;2015-08-01;C;0;2015-08-01;C;;;;;;;;;;;1B231S  ;;;%c% %a% %co%;certification;
declaration;Vins à IGP;IGP_HORSALSACE;;TRANQ;France;DEFAUT;;;;;Rosé;rose;;;;L387;Vins Tranquilles;3,75;2015-08-01;C;0;2015-08-01;C;;;;;;;;;;;1B231S  ;;;%c% %a% %co%;certification;
declaration;Vins à IGP;IGP_HORSALSACE;;TRANQ;CEE;CEE;;;;;Blanc;blanc;;;;L387;Vins Tranquilles;3,75;2015-08-01;C;0;2015-08-01;C;;;;;;;;;;;1B231S  ;;;%c% %a% %co%;certification;
declaration;Vins à IGP;IGP_HORSALSACE;;TRANQ;CEE;CEE;;;;;Rouge;rouge;;;;L387;Vins Tranquilles;3,75;2015-08-01;C;0;2015-08-01;C;;;;;;;;;;;1B231S  ;;;%c% %a% %co%;certification;
declaration;Vins à IGP;IGP_HORSALSACE;;TRANQ;CEE;CEE;;;;;Rosé;rose;;;;L387;Vins Tranquilles;3,75;2015-08-01;C;0;2015-08-01;C;;;;;;;;;;;1B231S  ;;;%c% %a% %co%;certification;
declaration;Vins sans IG;VINSSIG;;TRANQ;Vins sans IG;VINTABLE;;;;;;;Blanc;BL;;L387;Vins Tranquilles;3,75;2015-08-01;G;0;2015-08-01;C;;;;;;;;;;;;;;;%a% %l% %ce;certification;
declaration;Vins sans IG;VINSSIG;;TRANQ;Vins sans IG;VINTABLE;;;;;;;Rosé;RS;;L387;Vins Tranquilles;3,75;2015-08-01;G;0;2015-08-01;C;;;;;;;;;;;;;;;%a% %l% %ce;certification;
declaration;Vins sans IG;VINSSIG;;TRANQ;Vins sans IG;VINTABLE;;;;;;;Rouge;RG;;L387;Vins Tranquilles;3,75;2015-08-01;G;0;2015-08-01;C;;;;;;;;;;;;;;;%a% %l% %ce;certification;
declaration;Vins sans IG;VINSSIG;;TRANQ;Vins sans IG;VINTABLE;;;;;;;Sans IG;VINTABLE;;L387;Vins Tranquilles;3,75;2015-08-01;G;0;2015-08-01;C;;;;;;;;;;;;;;;%a% %l% %ce;certification;
declaration;Vins sans IG;VINSSIG;;EFF;Vins sans IG;VINTABLE;;;;;;;Mousseux;MS;;L385;Vins Mousseux;9,29;2015-08-01;G;0;2015-08-01;C;;;;;;;;;;;;;;;%a% %l% %ce;certification;
declaration;Autre;AUTRE;;TRANQ;BFAV;BFAV;;;;;;;;;;L387;Vins Tranquilles;3,75;2015-08-01;C;0;2015-08-01;C;;;;;;;;;;;1B231S  ;;;%a%;certification;
declaration;Autre;AUTRE;;TRANQ;Rebêches;REBECHES;;;;;;;;;;L387;Vins Tranquilles;3,75;2015-08-01;C;0;2015-08-01;C;;;;;;;;;;;1B231S  ;;;%a%;certification;
declaration;Autre;AUTRE;;TRANQ;Usages Industriels;USAGESINDUSTRIELS;;;;;;;;;;L387;Vins Tranquilles;3,75;2015-08-01;C;0;2015-08-01;C;;;;;;;;;;;1B231S  ;;;%a%;certification;
